unique_ID,long_cite,short_cite,contributor,study_num,condition,procedure,method,dependent_measure,between_participant,same_infant,native_lang,infant_type,group_name_1,group_name_2,n_1,n_2,mean_age_1,mean_age_2,x_1,x_2,SD_1,SD_2,t,F,d,corr,age_range_1,age_range_2,n_excluded_1,n_excluded_2,gender_1,gender_2,num_trials,mean_vocab,Words2Passage,FamiliarizationCriterion,procedure_secondary
MattysJusczyk2001,"Mattys, S.L. & Jusczyk, P.W. (2001). Do infants segment words or recurring contiguous patterns?. Journal of Experimental Psychology: Human Perception and Performance, 27(3), 644. DOI: 10.1037/0096-1523.27.3.644",Mattys & Jusczyk (2001),Christina & Alex,1,1,FAM,B,LookingTime,0,,American English,standard,,,24,,245,,7.14,6.8,2.19,2.52,NA,,0.1392726806,NA,28,,10,,0.375,,16,,1,30,HPP
MattysJusczyk2001,"Mattys, S.L. & Jusczyk, P.W. (2001). Do infants segment words or recurring contiguous patterns?. Journal of Experimental Psychology: Human Perception and Performance, 27(3), 644. DOI: 10.1037/0096-1523.27.3.644",Mattys & Jusczyk (2001),Christina & Alex,2,2,FAM,B,LookingTime,0,,American English,standard,,,24,,250,,7.24,6,2.15,1.82,NA,,0.6020148911,NA,34,,8,,0.5416666667,,16,,1,30,HPP
MattysJusczyk2001,"Mattys, S.L. & Jusczyk, P.W. (2001). Do infants segment words or recurring contiguous patterns?. Journal of Experimental Psychology: Human Perception and Performance, 27(3), 644. DOI: 10.1037/0096-1523.27.3.644",Mattys & Jusczyk (2001),Christina & Alex,3,3,FAM,B,LookingTime,0,,American English,standard,,,24,,251,,6.5,6.48,2.82,2.21,NA,,0.007634189934,NA,19,,4,,0.625,,16,,1,30,HPP
MattysJusczyk2001,"Mattys, S.L. & Jusczyk, P.W. (2001). Do infants segment words or recurring contiguous patterns?. Journal of Experimental Psychology: Human Perception and Performance, 27(3), 644. DOI: 10.1037/0096-1523.27.3.644",Mattys & Jusczyk (2001),Christina & Alex,4,4,FAM,B,LookingTime,0,,American English,standard,,,24,,257,,6.48,6.1,1.98,2.22,NA,,0.1747019227,NA,34,,5,,0.4583333333,,16,,1,30,HPP
MattysJusczyk2001,"Mattys, S.L. & Jusczyk, P.W. (2001). Do infants segment words or recurring contiguous patterns?. Journal of Experimental Psychology: Human Perception and Performance, 27(3), 644. DOI: 10.1037/0096-1523.27.3.644",Mattys & Jusczyk (2001),Christina & Alex,5,5,FAM,B,LookingTime,0,,American English,standard,,,24,,316,,6.58,6.42,1.84,2.16,NA,,0.07711625891,NA,51,,3,,0.5833333333,,16,,1,30,HPP
MattysJusczyk2001,"Mattys, S.L. & Jusczyk, P.W. (2001). Do infants segment words or recurring contiguous patterns?. Journal of Experimental Psychology: Human Perception and Performance, 27(3), 644. DOI: 10.1037/0096-1523.27.3.644",Mattys & Jusczyk (2001),Christina & Alex,6,6,FAM,B,LookingTime,0,,American English,standard,,,24,,398,,6.88,7.33,3.08,3.02,NA,,-0.1426700938,NA,22,,4,,0.5833333333,,16,,1,30,HPP
MattysJusczyk2001,"Mattys, S.L. & Jusczyk, P.W. (2001). Do infants segment words or recurring contiguous patterns?. Journal of Experimental Psychology: Human Perception and Performance, 27(3), 644. DOI: 10.1037/0096-1523.27.3.644",Mattys & Jusczyk (2001),Christina & Alex,7,7,FAM,B,LookingTime,0,,American English,standard,,,24,,481,,7.2,6.09,2.56,3.04,NA,,0.3819589509,NA,22,,7,,0.5,,16,,1,30,HPP
MattysJusczyk2001,"Mattys, S.L. & Jusczyk, P.W. (2001). Do infants segment words or recurring contiguous patterns?. Journal of Experimental Psychology: Human Perception and Performance, 27(3), 644. DOI: 10.1037/0096-1523.27.3.644",Mattys & Jusczyk (2001),Christina & Alex,8,8,FAM,B,LookingTime,0,,American English,standard,,,24,,483,,7.47,7.38,3.22,2.55,NA,,0.02996606116,NA,28,,6,,0.5,,16,,1,30,HPP
JusczykAslin1995,"Jusczyk, P.W. & Aslin, R.N. (1995). Infants′ detection of the sound patterns of words in fluent speech. Cognitive Psychology, 29(1), 1-23. DOI: 10.1006/cogp.1995.1010",Jusczyk & Aslin (1995),Christina & Alex,1,1,FAM,B,LookingTime,0,,American English,standard,,,24,,230,,8.29,7.04,2.09,2.63,2.42,,0.5088801481,NA,28,,8,,0.5416666667,,16,,1,30,HPP
JusczykAslin1995,"Jusczyk, P.W. & Aslin, R.N. (1995). Infants′ detection of the sound patterns of words in fluent speech. Cognitive Psychology, 29(1), 1-23. DOI: 10.1006/cogp.1995.1010",Jusczyk & Aslin (1995),Christina & Alex,2,2,FAM,B,LookingTime,0,,American English,standard,,,24,,175,,8.45,7.97,3.54,3.03,1.13,,0.1408778125,NA,31,,10,,0.4166666667,,16,,1,30,HPP
JusczykAslin1995,"Jusczyk, P.W. & Aslin, R.N. (1995). Infants′ detection of the sound patterns of words in fluent speech. Cognitive Psychology, 29(1), 1-23. DOI: 10.1006/cogp.1995.1010",Jusczyk & Aslin (1995),Christina & Alex,3,3,FAM,B,LookingTime,0,,American English,standard,,,24,,225,,6.93,6.51,2.48,2.61,1.04,,0.1595369127,NA,32,,10,,0.5416666667,,16,,1,30,HPP
JusczykAslin1995,"Jusczyk, P.W. & Aslin, R.N. (1995). Infants′ detection of the sound patterns of words in fluent speech. Cognitive Psychology, 29(1), 1-23. DOI: 10.1006/cogp.1995.1010",Jusczyk & Aslin (1995),Christina & Alex,4,4,FAM,B,LookingTime,0,,American English,standard,,,24,,236,,10.43,8.32,3.87,3.7,3.48,,0.5389498647,NA,28,,4,,0.4166666667,,12,,0,45,HPP
JusczykHoustonNewsome1999,"Jusczyk, P.W., Houston, D.M., & Newsome, M. (1999). The beginnings of word segmentation in English-learning infants. Cognitive Psychology, 39(3), 159-207. DOI: 10.1006/cogp.1999.0716","Jusczyk, Houston, & Newsome (1999)",Christina & Alex,1,1,FAM,B,LookingTime,0,,American English,standard,,,24,,228,,7.92,6.8,2.77,2.71,2.67,,0.3952598577,NA,46,,10,,0.4583333333,,16,,1,30,HPP
JusczykHoustonNewsome1999,"Jusczyk, P.W., Houston, D.M., & Newsome, M. (1999). The beginnings of word segmentation in English-learning infants. Cognitive Psychology, 39(3), 159-207. DOI: 10.1006/cogp.1999.0716","Jusczyk, Houston, & Newsome (1999)",Christina & Alex,10,10,FAM,B,LookingTime,0,,American English,standard,,,24,,224,,9.68,10.6,4.26,3.69,-0.97,,-0.2232433661,NA,29,,2,,0.4166666667,,12,,0,45,HPP
JusczykHoustonNewsome1999,"Jusczyk, P.W., Houston, D.M., & Newsome, M. (1999). The beginnings of word segmentation in English-learning infants. Cognitive Psychology, 39(3), 159-207. DOI: 10.1006/cogp.1999.0716","Jusczyk, Houston, & Newsome (1999)",Christina & Alex,11,11,FAM,B,LookingTime,0,,American English,standard,,,24,,227,,10.94,8.95,2.2,2.44,3.06,,0.8283734945,NA,22,,7,,0.5416666667,,12,,0,45,HPP
JusczykHoustonNewsome1999,"Jusczyk, P.W., Houston, D.M., & Newsome, M. (1999). The beginnings of word segmentation in English-learning infants. Cognitive Psychology, 39(3), 159-207. DOI: 10.1006/cogp.1999.0716","Jusczyk, Houston, & Newsome (1999)",Christina & Alex,12,12,FAM,B,LookingTime,0,,American English,standard,,,24,,319,,7.48,6.17,2.18,2.17,4.19,,0.5824413055,NA,34,,5,,0.5,,16,,1,30,HPP
JusczykHoustonNewsome1999,"Jusczyk, P.W., Houston, D.M., & Newsome, M. (1999). The beginnings of word segmentation in English-learning infants. Cognitive Psychology, 39(3), 159-207. DOI: 10.1006/cogp.1999.0716","Jusczyk, Houston, & Newsome (1999)",Christina & Alex,13,13,FAM,B,LookingTime,0,,American English,standard,,,24,,319,,7.36,6.79,2.47,2.46,1.21,,0.2236136541,NA,50,,4,,0.4583333333,,16,,1,30,HPP
JusczykHoustonNewsome1999,"Jusczyk, P.W., Houston, D.M., & Newsome, M. (1999). The beginnings of word segmentation in English-learning infants. Cognitive Psychology, 39(3), 159-207. DOI: 10.1006/cogp.1999.0716","Jusczyk, Houston, & Newsome (1999)",Christina & Alex,14,14,FAM,B,LookingTime,0,,American English,standard,,,24,,315,,8.68,8.73,3.89,3.52,-0.09,,-0.01303413881,NA,21,,3,,0.2916666667,,12,,0,45,HPP
JusczykHoustonNewsome1999,"Jusczyk, P.W., Houston, D.M., & Newsome, M. (1999). The beginnings of word segmentation in English-learning infants. Cognitive Psychology, 39(3), 159-207. DOI: 10.1006/cogp.1999.0716","Jusczyk, Houston, & Newsome (1999)",Christina & Alex,15,15,FAM,B,LookingTime,0,,American English,standard,,,24,,321,,8.69,6.72,2.95,2.19,5.05,,0.7332940139,NA,38,,6,,0.6666666667,,16,,1,30,HPP
JusczykHoustonNewsome1999,"Jusczyk, P.W., Houston, D.M., & Newsome, M. (1999). The beginnings of word segmentation in English-learning infants. Cognitive Psychology, 39(3), 159-207. DOI: 10.1006/cogp.1999.0716","Jusczyk, Houston, & Newsome (1999)",Christina & Alex,2,2,FAM,B,LookingTime,0,,American English,standard,,,24,,227,,9.59,7.55,2.55,2.84,4.16,,0.7309454855,NA,25,,8,,0.2916666667,,12,,0,45,HPP
JusczykHoustonNewsome1999,"Jusczyk, P.W., Houston, D.M., & Newsome, M. (1999). The beginnings of word segmentation in English-learning infants. Cognitive Psychology, 39(3), 159-207. DOI: 10.1006/cogp.1999.0716","Jusczyk, Houston, & Newsome (1999)",Christina & Alex,3,3,FAM,B,LookingTime,0,,American English,standard,,,24,,226,,9.94,10.5,3.71,3.4,1.03,,-0.1521869084,NA,34,,1,,0.5,,12,,0,45,HPP
JusczykHoustonNewsome1999,"Jusczyk, P.W., Houston, D.M., & Newsome, M. (1999). The beginnings of word segmentation in English-learning infants. Cognitive Psychology, 39(3), 159-207. DOI: 10.1006/cogp.1999.0716","Jusczyk, Houston, & Newsome (1999)",Christina & Alex,4,4,FAM,B,LookingTime,0,,American English,standard,,,24,,225,,9.58,8.58,3.25,3.52,1.63,,0.2854548954,NA,30,,5,,0.5833333333,,12,,0,45,HPP
JusczykHoustonNewsome1999,"Jusczyk, P.W., Houston, D.M., & Newsome, M. (1999). The beginnings of word segmentation in English-learning infants. Cognitive Psychology, 39(3), 159-207. DOI: 10.1006/cogp.1999.0716","Jusczyk, Houston, & Newsome (1999)",Christina & Alex,5,5,FAM,B,LookingTime,0,,American English,standard,,,24,,230,,7.75,7.06,2.39,2.37,1.33,,0.2803558225,NA,33,,10,,0.375,,16,,1,30,HPP
JusczykHoustonNewsome1999,"Jusczyk, P.W., Houston, D.M., & Newsome, M. (1999). The beginnings of word segmentation in English-learning infants. Cognitive Psychology, 39(3), 159-207. DOI: 10.1006/cogp.1999.0716","Jusczyk, Houston, & Newsome (1999)",Christina & Alex,6,6,FAM,B,LookingTime,0,,American English,standard,,,24,,235,,8.62,7.74,3.35,2.19,1.4,,0.3006953218,NA,27,,5,,0.3333333333,,16,,1,30,HPP
JusczykHoustonNewsome1999,"Jusczyk, P.W., Houston, D.M., & Newsome, M. (1999). The beginnings of word segmentation in English-learning infants. Cognitive Psychology, 39(3), 159-207. DOI: 10.1006/cogp.1999.0716","Jusczyk, Houston, & Newsome (1999)",Christina & Alex,7,7,FAM,B,LookingTime,0,,American English,standard,,,24,,224,,7.19,7.55,2.08,2.3,1.19,,-0.1587641778,NA,27,,10,,0.375,,16,,1,30,HPP
JusczykHoustonNewsome1999,"Jusczyk, P.W., Houston, D.M., & Newsome, M. (1999). The beginnings of word segmentation in English-learning infants. Cognitive Psychology, 39(3), 159-207. DOI: 10.1006/cogp.1999.0716","Jusczyk, Houston, & Newsome (1999)",Christina & Alex,8,8,FAM,B,LookingTime,0,,American English,standard,,,24,,225,,8.45,6.8,2.38,1.85,4.12,,0.7485698782,NA,30,,7,,0.5,,16,,1,30,HPP
JusczykHoustonNewsome1999,"Jusczyk, P.W., Houston, D.M., & Newsome, M. (1999). The beginnings of word segmentation in English-learning infants. Cognitive Psychology, 39(3), 159-207. DOI: 10.1006/cogp.1999.0716","Jusczyk, Houston, & Newsome (1999)",Christina & Alex,9,9,FAM,B,LookingTime,0,,American English,standard,,,24,,227,,10.88,9.74,3.76,2.87,1.8,,0.3295979179,NA,30,,8,,0.4166666667,,12,,0,45,HPP
BarkerNewman2004,"Barker, B.A. & Newman, R.S. (2004). Listen to your mother! The role of talker familiarity in infant streaming. Cognition 94: B45-53. DOI:10.1016/j.cognition.2004.06.001",Barker & Newman (2004),Christina & Alex,1,Mother,FAM,B,LookingTime,0,,American English,standard,,,28,,226.3248,,5.68,4.91,2.09,2.26,2.67,,0.3438346442,0.75,55.3644,,15.5,,0.4464285714,,16,,1,30,HPP
BarkerNewman2004,"Barker, B.A. & Newman, R.S. (2004). Listen to your mother! The role of talker familiarity in infant streaming. Cognition 94: B45-53. DOI:10.1016/j.cognition.2004.06.001",Barker & Newman (2004),Christina & Alex,1,Stranger,FAM,B,LookingTime,0,,American English,standard,,,28,,226.629,,5.59,5.78,2.37,2.12,-0.63,,-0.08213242814,0.77,55.3644,,15.5,,0.4464285714,,16,,1,30,HPP
Singh2008,"Singh, L. (2008). Influences of high and low variability on infant word recognition. Cognition, 106(2), 833-870. DOI: 10.1016/j.cognition.2007.05.002",Singh (2008),Christina & Alex,1,Happy ,FAM,B,LookingTime,0,,American English,standard,,,20,,231,,NA,8.482,NA,2.960554002,NA,,-0.1510570632,NA,24,,1,,0.45,,16,,1,30,HPP
Singh2008,"Singh, L. (2008). Influences of high and low variability on infant word recognition. Cognition, 106(2), 833-870. DOI: 10.1016/j.cognition.2007.05.002",Singh (2008),Christina & Alex,1,Neutral,FAM,B,LookingTime,0,,American English,standard,,,20,,231,,NA,6.527,NA,3.403295462,NA,,0.4818068948,NA,24,,1,,0.45,,16,,1,30,HPP
Singh2008,"Singh, L. (2008). Influences of high and low variability on infant word recognition. Cognition, 106(2), 833-870. DOI: 10.1016/j.cognition.2007.05.002",Singh (2008),Christina & Alex,2,Happy ,FAM,B,LookingTime,0,,American English,standard,,,16,,234,,NA,5.496,NA,1.316,NA,,0.9427155376,NA,25,,1,,0.59375,,16,,1,30,HPP
Singh2008,"Singh, L. (2008). Influences of high and low variability on infant word recognition. Cognition, 106(2), 833-870. DOI: 10.1016/j.cognition.2007.05.002",Singh (2008),Christina & Alex,2,Neutral,FAM,B,LookingTime,0,,American English,standard,,,16,,234,,NA,7.052,NA,1.9,NA,,-0.4173920976,NA,25,,1,,0.59375,,16,,1,30,HPP
Singh2008,"Singh, L. (2008). Influences of high and low variability on infant word recognition. Cognition, 106(2), 833-870. DOI: 10.1016/j.cognition.2007.05.002",Singh (2008),Christina & Alex,3,Happy ,FAM,B,LookingTime,0,,American English,standard,,,16,,236,,NA,NA,NA,NA,NA,,0.2872408542,NA,22,,1.5,,0.59375,,16,,1,30,HPP
Singh2008,"Singh, L. (2008). Influences of high and low variability on infant word recognition. Cognition, 106(2), 833-870. DOI: 10.1016/j.cognition.2007.05.002",Singh (2008),Christina & Alex,3,Neutral,FAM,B,LookingTime,0,,American English,standard,,,16,,236,,NA,NA,NA,NA,NA,,-0.4542138504,NA,22,,1.5,,0.59375,,16,,1,30,HPP
Singh2008,"Singh, L. (2008). Influences of high and low variability on infant word recognition. Cognition, 106(2), 833-870. DOI: 10.1016/j.cognition.2007.05.002",Singh (2008),Christina & Alex,4,Happy ,FAM,B,LookingTime,0,,American English,standard,,,16,,227,,NA,7.131,NA,2.092,NA,,0.4904894292,NA,17,,2,,0.4375,,16,,1,30,HPP
Singh2008,"Singh, L. (2008). Influences of high and low variability on infant word recognition. Cognition, 106(2), 833-870. DOI: 10.1016/j.cognition.2007.05.002",Singh (2008),Christina & Alex,4,Neutral,FAM,B,LookingTime,0,,American English,standard,,,16,,227,,NA,7.076,NA,1.98,NA,,0.4813481168,NA,17,,2,,0.4375,,16,,1,30,HPP
MarquisShi2012,"Marquis, A. & Shi, R. (2012). Initial morphological learning in preverbal infants. Cognition, 122(1), 61-66. DOI: 10.1016/j.cognition.2011.07.004",Marquis & Shi (2012),Christina & Alex,1,er,FAM,B,LookingTime,0,,Canadian French,standard,,,16,,345,,4.5458,3.7063,1.6356,1.37765,3.113,,0.5269459097,0.756,25,,1,,0.3125,,14,,1,30,Other
MarquisShi2012,"Marquis, A. & Shi, R. (2012). Initial morphological learning in preverbal infants. Cognition, 122(1), 61-66. DOI: 10.1016/j.cognition.2011.07.004",Marquis & Shi (2012),Christina & Alex,1,ou,FAM,B,LookingTime,0,,Canadian French,standard,,,16,,345,,3.6917,4.2229,1.77229,2.37088,-0.945,,-0.240882571,0.441,25,,1,,0.4375,,14,,1,30,Other
MarquisShi2012,"Marquis, A. & Shi, R. (2012). Initial morphological learning in preverbal infants. Cognition, 122(1), 61-66. DOI: 10.1016/j.cognition.2011.07.004",Marquis & Shi (2012),Christina & Alex,2,2,FAM,B,LookingTime,0,,Canadian French,standard,,,16,,348,,3.8021,3.1448,1.34939,1.19718,2.11,,0.4891022306,0.527,24,,1,,0.4375,,14,,1,30,Other
SinghFoong2012,"Singh, L. & Foong, J. (2012). Influences of lexical tone and pitch on word recognition in bilingual infants. Cognition, 124(2), 128-142. DOI: 10.1016/j.cognition.2012.05.008",Singh & Foong (2012),Christina & Alex,1,11 months,FAM,B,LookingTime,0,,Mandarin and English,bilingual,,,16,,332,,NA,NA,NA,NA,NA,,0.4528091446,NA,23,,1,,0.5,,16,,1,30,HPP
SinghFoong2012,"Singh, L. & Foong, J. (2012). Influences of lexical tone and pitch on word recognition in bilingual infants. Cognition, 124(2), 128-142. DOI: 10.1016/j.cognition.2012.05.008",Singh & Foong (2012),Christina & Alex,1,7.5 months,FAM,B,LookingTime,0,,Mandarin and English,bilingual,,,16,,221,,NA,NA,NA,NA,NA,,0.5130505634,NA,27,,1,,0.5625,,16,,1,30,HPP
SinghFoong2012,"Singh, L. & Foong, J. (2012). Influences of lexical tone and pitch on word recognition in bilingual infants. Cognition, 124(2), 128-142. DOI: 10.1016/j.cognition.2012.05.008",Singh & Foong (2012),Christina & Alex,1,9 months,FAM,B,LookingTime,0,,Mandarin and English,bilingual,,,16,,263,,NA,NA,NA,NA,NA,,0.9351791893,NA,19,,1,,0.5625,,16,,1,30,HPP
SinghMorganWhite2004,"Singh, L., Morgan, J.L., & White, K.S. (2004). Preference and processing: The role of speech affect in early spoken word recognition. Journal of Memory and Language, 51(2), 173-189. DOI: 10.1016/j.jml.2004.04.004","Singh, Morgan, & White (2004)",Christina & Alex,1,Happy,FAM,B,LookingTime,0,,American English,standard,,,20,,238,,NA,7.452,NA,2.29,NA,,0.2840597169,NA,31,,7.5,,0.575,,16,,1,30,HPP
SinghMorganWhite2004,"Singh, L., Morgan, J.L., & White, K.S. (2004). Preference and processing: The role of speech affect in early spoken word recognition. Journal of Memory and Language, 51(2), 173-189. DOI: 10.1016/j.jml.2004.04.004","Singh, Morgan, & White (2004)",Christina & Alex,1,Neutral,FAM,B,LookingTime,0,,American English,standard,,,20,,238,,NA,6.71,NA,1.907,NA,,-0.1314174394,NA,31,,7.5,,0.575,,16,,1,30,HPP
SinghMorganWhite2004,"Singh, L., Morgan, J.L., & White, K.S. (2004). Preference and processing: The role of speech affect in early spoken word recognition. Journal of Memory and Language, 51(2), 173-189. DOI: 10.1016/j.jml.2004.04.004","Singh, Morgan, & White (2004)",Christina & Alex,2,Happy,FAM,B,LookingTime,0,,American English,standard,,,20,,325,,NA,7.404,NA,3.249,NA,,0.2389732879,NA,43,,3.5,,0.475,,16,,1,30,HPP
SinghMorganWhite2004,"Singh, L., Morgan, J.L., & White, K.S. (2004). Preference and processing: The role of speech affect in early spoken word recognition. Journal of Memory and Language, 51(2), 173-189. DOI: 10.1016/j.jml.2004.04.004","Singh, Morgan, & White (2004)",Christina & Alex,2,Neutral,FAM,B,LookingTime,0,,American English,standard,,,20,,325,,NA,6.065,NA,2.029,NA,,0.06666069216,NA,43,,3.5,,0.475,,16,,1,30,HPP
SinghMorganWhite2004,"Singh, L., Morgan, J.L., & White, K.S. (2004). Preference and processing: The role of speech affect in early spoken word recognition. Journal of Memory and Language, 51(2), 173-189. DOI: 10.1016/j.jml.2004.04.004","Singh, Morgan, & White (2004)",Christina & Alex,3,10.5 months,FAM,B,LookingTime,0,,American English,standard,,,16,,319,,5.926,7.427,2.502,1.285,-2.17,,-0.7163243717,NA,30,,6,,0.5625,,12,,1,30,HPP
SinghMorganWhite2004,"Singh, L., Morgan, J.L., & White, K.S. (2004). Preference and processing: The role of speech affect in early spoken word recognition. Journal of Memory and Language, 51(2), 173-189. DOI: 10.1016/j.jml.2004.04.004","Singh, Morgan, & White (2004)",Christina & Alex,3,7.5 months,FAM,B,LookingTime,0,,American English,standard,,,16,,231,,8.483,8.736,3.483,2.627,-0.23,,-0.07784389366,NA,15,,4,,0.3125,,12,,1,30,HPP
GoutChristopheMorgan2004,"Gout, A., Christophe, A., & Morgan, J.L. (2004). Phonological phrase boundaries constrain lexical access II: Infant data. Journal of Memory and Language, 51(4), 548-567. DOI: 10.1016/j.jml.2004.07.002","Gout, Christophe, & Morgan (2004)",Christina & Alex,1,1,FAM,B,LookingTime,0,,American English,standard,,,18,,318.2,,7.01,7.01,NA,NA,0.5,,0.1125742139,NA,30,,3,,NA,,12,,1,30,HPP
GoutChristopheMorgan2004,"Gout, A., Christophe, A., & Morgan, J.L. (2004). Phonological phrase boundaries constrain lexical access II: Infant data. Journal of Memory and Language, 51(4), 548-567. DOI: 10.1016/j.jml.2004.07.002","Gout, Christophe, & Morgan (2004)",Christina & Alex,2,2,FAM,B,LookingTime,0,,American English,standard,,,18,,403.46,,7.99,6.46,NA,NA,2.9,,0.3552325654,NA,32.46,,5,,NA,,12,,1,30,HPP
Nazzietal2006,"Nazzi, T., Iakimova, G., Bertoncini, J., Frédonie, S., & Alcantara, C. (2006). Early segmentation of fluent speech by infants acquiring French: Emerging evidence for crosslinguistic differences. Journal of Memory and Language, 54(3), 283-299. DOI: 10.1016/j.jml.2005.10.004","Nazzi, Iakimova, Bertoncini, Fredonie, & Alcantara (2006)",Christina & Alex,1,12 months,FAM,B,LookingTime,0,,Parisian French,standard,,,16,,368.082,,6.28,6.43,1.77,1.58,NA,,-0.08486235415,NA,29.8116,,6,,0.6875,,16,,1,40,HPP
Nazzietal2006,"Nazzi, T., Iakimova, G., Bertoncini, J., Frédonie, S., & Alcantara, C. (2006). Early segmentation of fluent speech by infants acquiring French: Emerging evidence for crosslinguistic differences. Journal of Memory and Language, 54(3), 283-299. DOI: 10.1016/j.jml.2005.10.004","Nazzi, Iakimova, Bertoncini, Fredonie, & Alcantara (2006)",Christina & Alex,1,16 months,FAM,B,LookingTime,0,,Parisian French,standard,,,16,,491.8914,,7.25,6.02,1.73,1.93,NA,,0.637004631,NA,8.5176,,10,,0.3125,,16,,1,40,HPP
Nazzietal2006,"Nazzi, T., Iakimova, G., Bertoncini, J., Frédonie, S., & Alcantara, C. (2006). Early segmentation of fluent speech by infants acquiring French: Emerging evidence for crosslinguistic differences. Journal of Memory and Language, 54(3), 283-299. DOI: 10.1016/j.jml.2005.10.004","Nazzi, Iakimova, Bertoncini, Fredonie, & Alcantara (2006)",Christina & Alex,1,8 months,FAM,B,LookingTime,0,,Parisian French,standard,,,16,,246.402,,7.52,7.4,1.88,1.34,NA,,0.06976998904,NA,55.0602,,10,,0.375,,16,,1,40,HPP
Nazzietal2006,"Nazzi, T., Iakimova, G., Bertoncini, J., Frédonie, S., & Alcantara, C. (2006). Early segmentation of fluent speech by infants acquiring French: Emerging evidence for crosslinguistic differences. Journal of Memory and Language, 54(3), 283-299. DOI: 10.1016/j.jml.2005.10.004","Nazzi, Iakimova, Bertoncini, Fredonie, & Alcantara (2006)",Christina & Alex,2,12 months,FAM,B,LookingTime,0,,Parisian French,standard,,,16,,370.2114,,6.96,6.13,1.93,1.55,NA,,0.450081321,NA,29.2032,,7,,0.3125,,16,,1,40,HPP
Nazzietal2006,"Nazzi, T., Iakimova, G., Bertoncini, J., Frédonie, S., & Alcantara, C. (2006). Early segmentation of fluent speech by infants acquiring French: Emerging evidence for crosslinguistic differences. Journal of Memory and Language, 54(3), 283-299. DOI: 10.1016/j.jml.2005.10.004","Nazzi, Iakimova, Bertoncini, Fredonie, & Alcantara (2006)",Christina & Alex,2,16 months,FAM,B,LookingTime,0,,Parisian French,standard,,,16,,490.9788,,5.63,5.57,1.79,1.63,NA,,0.03326721178,NA,7.9092,,10,,0.375,,16,,1,40,HPP
Nazzietal2006,"Nazzi, T., Iakimova, G., Bertoncini, J., Frédonie, S., & Alcantara, C. (2006). Early segmentation of fluent speech by infants acquiring French: Emerging evidence for crosslinguistic differences. Journal of Memory and Language, 54(3), 283-299. DOI: 10.1016/j.jml.2005.10.004","Nazzi, Iakimova, Bertoncini, Fredonie, & Alcantara (2006)",Christina & Alex,2,8 months,FAM,B,LookingTime,0,,Parisian French,standard,,,16,,248.5314,,7.44,7.63,1.29,1.39,NA,,-0.1344877401,NA,32.5494,,11,,0.5625,,16,,1,40,HPP
Nazzietal2006,"Nazzi, T., Iakimova, G., Bertoncini, J., Frédonie, S., & Alcantara, C. (2006). Early segmentation of fluent speech by infants acquiring French: Emerging evidence for crosslinguistic differences. Journal of Memory and Language, 54(3), 283-299. DOI: 10.1016/j.jml.2005.10.004","Nazzi, Iakimova, Bertoncini, Fredonie, & Alcantara (2006)",Christina & Alex,3,3,FAM,B,LookingTime,0,,Parisian French,standard,,,16,,370.5156,,8.24,7.95,2.36,1.99,NA,,0.1260983479,NA,32.5494,,10,,0.625,,16,,1,40,HPP
Nazzietal2006,"Nazzi, T., Iakimova, G., Bertoncini, J., Frédonie, S., & Alcantara, C. (2006). Early segmentation of fluent speech by infants acquiring French: Emerging evidence for crosslinguistic differences. Journal of Memory and Language, 54(3), 283-299. DOI: 10.1016/j.jml.2005.10.004","Nazzi, Iakimova, Bertoncini, Fredonie, & Alcantara (2006)",Christina & Alex,4,4,FAM,B,LookingTime,0,,Parisian French,standard,,,16,,370.2114,,7.03,6.05,1.72,1.48,NA,,0.5797277344,NA,62.9694,,6,,0.75,,16,,1,40,HPP
Johnsonetal2003,"Johnson, E.K., Jusczyk, P.W., Cutler, A., & Norris, D. (2003). Lexical viability constraints on speech segmentation by infants. Cognitive Psychology, 46(1), 65-97. DOI: 10.1016/S0010-0285(02)00507-8","Johnson, Jusczyk, Cutler, & Norris (2003)",Christina & Alex,1,1,FAM,B,LookingTime,0,,American English,standard,,,32,,364,,NA,NA,NA,NA,NA,,0.1861246717,NA,37,,2.5,,0.5625,,12,,NA,30,HPP
Johnsonetal2003,"Johnson, E.K., Jusczyk, P.W., Cutler, A., & Norris, D. (2003). Lexical viability constraints on speech segmentation by infants. Cognitive Psychology, 46(1), 65-97. DOI: 10.1016/S0010-0285(02)00507-8","Johnson, Jusczyk, Cutler, & Norris (2003)",Christina & Alex,2,2,FAM,B,LookingTime,0,,American English,standard,,,32,,365,,NA,NA,NA,NA,NA,,0.2079263126,NA,29,,4.5,,0.625,,12,,NA,30,HPP
Johnsonetal2003,"Johnson, E.K., Jusczyk, P.W., Cutler, A., & Norris, D. (2003). Lexical viability constraints on speech segmentation by infants. Cognitive Psychology, 46(1), 65-97. DOI: 10.1016/S0010-0285(02)00507-8","Johnson, Jusczyk, Cutler, & Norris (2003)",Christina & Alex,3,3,FAM,B,LookingTime,0,,American English,standard,,,40,,366,,NA,NA,NA,NA,NA,,0.1533422644,NA,30,,1.5,,0.5,,12,,1,30,HPP
Johnsonetal2003,"Johnson, E.K., Jusczyk, P.W., Cutler, A., & Norris, D. (2003). Lexical viability constraints on speech segmentation by infants. Cognitive Psychology, 46(1), 65-97. DOI: 10.1016/S0010-0285(02)00507-8","Johnson, Jusczyk, Cutler, & Norris (2003)",Christina & Alex,4,4,FAM,B,LookingTime,0,,American English,standard,,,40,,369,,NA,NA,NA,NA,NA,,0.4888515762,NA,26,,2.5,,0.55,,12,,1,30,HPP
SeidlJohnson2008,"Seidl, A. & Johnson, E.K. (2008). Boundary alignment enables 11-month-olds to segment vowel initial words from speech. Journal of Child Language, 35(01), 1-24. DOI: 10.1017/S0305000907008215",Seidl & Johnson (2008),Christina & Alex,1,1,FAM,B,LookingTime,0,,American English,standard,,,40,,336.62,,NA,NA,NA,NA,NA,,0.2783007179,NA,33.42,,1,,0.45,,12,,0,45,HPP
SeidlJohnson2008,"Seidl, A. & Johnson, E.K. (2008). Boundary alignment enables 11-month-olds to segment vowel initial words from speech. Journal of Child Language, 35(01), 1-24. DOI: 10.1017/S0305000907008215",Seidl & Johnson (2008),Christina & Alex,2,2,FAM,B,LookingTime,0,,American English,standard,,,20,,338.5,,9.04,7.77,3.04,2.76,NA,,0.4199247482,0.82,20.42,,6,,0.5,,12,,0,45,HPP
SeidlJohnson2008,"Seidl, A. & Johnson, E.K. (2008). Boundary alignment enables 11-month-olds to segment vowel initial words from speech. Journal of Child Language, 35(01), 1-24. DOI: 10.1017/S0305000907008215",Seidl & Johnson (2008),Christina & Alex,3,3,FAM,B,LookingTime,0,,American English,standard,,,20,,334.62,,5.46,6.48,2.1,2.4,NA,,-0.4342361007,0.63,27.42,,4,,0.55,,12,,0,45,HPP
Nazzietal2014,"Nazzi, T., Mersad, K., Sundara, M., Iakimova, G., & Polka, L. (2014). Early word segmentation in infants acquiring Parisian French: task-dependent and dialect-specific aspects. Journal of Child Language, 41(3), 600-633. DOI: 10.1017/S0305000913000111","Nazzi, Mersad, Iakimova, & Polka (2014)",Christina & Alex,1,12 months,FAM,B,LookingTime,0,,Parisian French,standard,,,16,,384,,6.93,6.46,2.55,2.34,NA,,0.1822866669,NA,35.42,,6,,0.4375,,8,,1,30,HPP
Nazzietal2014,"Nazzi, T., Mersad, K., Sundara, M., Iakimova, G., & Polka, L. (2014). Early word segmentation in infants acquiring Parisian French: task-dependent and dialect-specific aspects. Journal of Child Language, 41(3), 600-633. DOI: 10.1017/S0305000913000111","Nazzi, Mersad, Iakimova, & Polka (2014)",Christina & Alex,1,16 months,FAM,B,LookingTime,0,,Parisian French,standard,,,16,,503.72,,7.02,5.17,2.33,1.61,NA,,0.8768160349,NA,42.84,,4,,0.5,,8,,1,30,HPP
Nazzietal2014,"Nazzi, T., Mersad, K., Sundara, M., Iakimova, G., & Polka, L. (2014). Early word segmentation in infants acquiring Parisian French: task-dependent and dialect-specific aspects. Journal of Child Language, 41(3), 600-633. DOI: 10.1017/S0305000913000111","Nazzi, Mersad, Iakimova, & Polka (2014)",Christina & Alex,1,8 months,FAM,B,LookingTime,0,,Parisian French,standard,,,16,,256.36,,8.48,8.39,2.36,1.84,NA,,0.04036973307,NA,31.42,,12,,0.5625,,12,,1,30,HPP
Nazzietal2014,"Nazzi, T., Mersad, K., Sundara, M., Iakimova, G., & Polka, L. (2014). Early word segmentation in infants acquiring Parisian French: task-dependent and dialect-specific aspects. Journal of Child Language, 41(3), 600-633. DOI: 10.1017/S0305000913000111","Nazzi, Mersad, Iakimova, & Polka (2014)",Christina & Alex,2,2,FAM,B,LookingTime,0,,Parisian French,standard,,,24,,251.36,,9.33,8.1,3.06,2.65,NA,,0.415550289,NA,26,,6,,0.5416666667,,12,,0,30,HPP
Nazzietal2014,"Nazzi, T., Mersad, K., Sundara, M., Iakimova, G., & Polka, L. (2014). Early word segmentation in infants acquiring Parisian French: task-dependent and dialect-specific aspects. Journal of Child Language, 41(3), 600-633. DOI: 10.1017/S0305000913000111","Nazzi, Mersad, Iakimova, & Polka (2014)",Christina & Alex,3,3,FAM,B,LookingTime,0,,Parisian French,standard,,,24,,261.36,,8.2,8.06,2.12,2.12,NA,,0.06386066763,NA,27,,3,,0.4782608696,,12,,0,30,HPP
HoustonJusczyk2000,"Houston, D.M. & Jusczyk, P.W. (2000).The role of talker-specific information in word segmentation by infants. Journal of Experimental Psychology: Human Perception and Performance, 26(5), 1570-1582. DOI: 10.1037/0096-1523.26.5.1570",Houston & Jusczyk (2000),Christina & Alex,1,1,FAM,B,LookingTime,0,,American English,standard,,,36,,230,,8.39,7.53,2.02,2.74,NA,,0.3495693234,NA,31,,12,,NA,,16,,1,30,HPP
HoustonJusczyk2000,"Houston, D.M. & Jusczyk, P.W. (2000).The role of talker-specific information in word segmentation by infants. Journal of Experimental Psychology: Human Perception and Performance, 26(5), 1570-1582. DOI: 10.1037/0096-1523.26.5.1570",Houston & Jusczyk (2000),Christina & Alex,2,2,FAM,B,LookingTime,0,,American English,standard,,,36,,230,,7.73,7.72,2.46,2.53,NA,,0.003921126296,NA,39,,14,,NA,,16,,1,30,HPP
HoustonJusczyk2000,"Houston, D.M. & Jusczyk, P.W. (2000).The role of talker-specific information in word segmentation by infants. Journal of Experimental Psychology: Human Perception and Performance, 26(5), 1570-1582. DOI: 10.1037/0096-1523.26.5.1570",Houston & Jusczyk (2000),Christina & Alex,3,3,FAM,B,LookingTime,0,,American English,standard,,,24,,237,,8.5,7.1,3.1,3.61,NA,,0.4023703412,NA,75,,7,,NA,,16,,1,30,HPP
HoustonJusczyk2000,"Houston, D.M. & Jusczyk, P.W. (2000).The role of talker-specific information in word segmentation by infants. Journal of Experimental Psychology: Human Perception and Performance, 26(5), 1570-1582. DOI: 10.1037/0096-1523.26.5.1570",Houston & Jusczyk (2000),Christina & Alex,4,4,FAM,B,LookingTime,0,,American English,standard,,,32,,321,,7.22,6.25,2.45,2.38,NA,,0.3918186726,NA,39,,15,,NA,,16,,1,30,HPP
HoustonJusczyk2003,"Houston, D.M. & Jusczyk, P.W. (2003). Infants' long-term memory for the sound patterns of words and voices. Journal of Experimental Psychology: Human Perception and Performance, 29(6), 1143-1154. DOI: 10.1037/0096-1523.29.6.1143",Houston & Jusczyk (2003),Christina & Alex,1,1,FAM,B,LookingTime,0,,American English,standard,,,24,,233,,9.73,8.1,3.68,3.67,3.69,,0.4289149054,NA,33,,8,,0.5833333333,,16,,1,30,HPP
HoustonJusczyk2003,"Houston, D.M. & Jusczyk, P.W. (2003). Infants' long-term memory for the sound patterns of words and voices. Journal of Experimental Psychology: Human Perception and Performance, 29(6), 1143-1154. DOI: 10.1037/0096-1523.29.6.1143",Houston & Jusczyk (2003),Christina & Alex,2,10.5 months,FAM,B,LookingTime,0,,American English,standard,,,24,,324,,7.11,7.11,3.25,3.1,NA,,0,NA,30,,9,,0.5,,16,,1,30,HPP
HoustonJusczyk2003,"Houston, D.M. & Jusczyk, P.W. (2003). Infants' long-term memory for the sound patterns of words and voices. Journal of Experimental Psychology: Human Perception and Performance, 29(6), 1143-1154. DOI: 10.1037/0096-1523.29.6.1143",Houston & Jusczyk (2003),Christina & Alex,2,7.5 months,FAM,B,LookingTime,0,,American English,standard,,,24,,230,,8.67,8.73,3.2,2.97,NA,,-0.01879471855,NA,28,,2,,0.4166666667,,16,,1,30,HPP
HoustonJusczyk2003,"Houston, D.M. & Jusczyk, P.W. (2003). Infants' long-term memory for the sound patterns of words and voices. Journal of Experimental Psychology: Human Perception and Performance, 29(6), 1143-1154. DOI: 10.1037/0096-1523.29.6.1143",Houston & Jusczyk (2003),Christina & Alex,3,3,FAM,B,LookingTime,0,,American English,standard,,,32,,225,,NA,NA,NA,NA,NA,,0.3775054085,NA,38,,0,,0.4375,,16,,1,30,HPP
vanHeugtenJohnson2012,"van Heugten, M. & Johnson, E.K. (2012). Infants exposed to fluent natural speech succeed at cross-gender word recognition. Journal of Speech, Language, and Hearing Research, 55(2), 554-560. DOI: 10.1044/1092-4388(2011/10-0347)",vanHeugten & Johnson (2012),Christina & Alex,1,Mother,FAM,B,LookingTime,0,,Canadian English,standard,,,48,,234,,10.18,9.45,2.79,3.01,NA,,0.2475077942,0.619,28,,11,,0.5208333333,,12,,0,NA,Other
vanHeugtenJohnson2012,"van Heugten, M. & Johnson, E.K. (2012). Infants exposed to fluent natural speech succeed at cross-gender word recognition. Journal of Speech, Language, and Hearing Research, 55(2), 554-560. DOI: 10.1044/1092-4388(2011/10-0347)",vanHeugten & Johnson (2012),Christina & Alex,1,Stranger,FAM,B,LookingTime,0,,Canadian English,standard,,,48,,234,,10.31,9.51,2.24,2.59,NA,,0.3250961393,0.414,28,,11,,0.5208333333,,12,,0,NA,Other
Gonzalez-GomezNazzi2013,"Gonzalez-Gomez, N. & Nazzi, T. (2013). Effects of prior phonotactic knowledge on infant word segmentation: The case of nonadjacent dependencies. Journal of Speech, Language, and Hearing Research, 56(3), 840-849. DOI: 0.1044/1092-4388(2012/12-0138)",Gonzalez-Gomez & Nazzi (2013),Christina & Alex,1,10.5 months,FAM,B,LookingTime,0,,Parisian French,standard,,,20,,319.2,,7.57,6.24,1.62,1.65,NA,,0.7808845691,0.52,19,,3,,0.4,,8,,0,30,HPP
Gonzalez-GomezNazzi2013,"Gonzalez-Gomez, N. & Nazzi, T. (2013). Effects of prior phonotactic knowledge on infant word segmentation: The case of nonadjacent dependencies. Journal of Speech, Language, and Hearing Research, 56(3), 840-849. DOI: 0.1044/1092-4388(2012/12-0138)",Gonzalez-Gomez & Nazzi (2013),Christina & Alex,1,13.5 months,FAM,B,LookingTime,0,,Parisian French,standard,,,20,,413.46,,9.1,6.01,3.03,2.01,NA,,1.153752241,0.34,22,,2,,0.6,,8,,0,30,HPP
Gonzalez-GomezNazzi2013,"Gonzalez-Gomez, N. & Nazzi, T. (2013). Effects of prior phonotactic knowledge on infant word segmentation: The case of nonadjacent dependencies. Journal of Speech, Language, and Hearing Research, 56(3), 840-849. DOI: 0.1044/1092-4388(2012/12-0138)",Gonzalez-Gomez & Nazzi (2013),Christina & Alex,2,10.5 months,FAM,B,LookingTime,0,,Parisian French,standard,,,20,,314.2,,7.29,7.72,2.86,3.39,NA,,-0.1316235925,0.65,22,,3,,0.5,,8,,0,30,HPP
Gonzalez-GomezNazzi2013,"Gonzalez-Gomez, N. & Nazzi, T. (2013). Effects of prior phonotactic knowledge on infant word segmentation: The case of nonadjacent dependencies. Journal of Speech, Language, and Hearing Research, 56(3), 840-849. DOI: 0.1044/1092-4388(2012/12-0138)",Gonzalez-Gomez & Nazzi (2013),Christina & Alex,2,13.5 months,FAM,B,LookingTime,0,,Parisian French,standard,,,20,,406.46,,7.23,5.61,2.74,1.8,NA,,0.6708810088,0.14,24,,2,,0.55,,8,,0,30,HPP
HoustonSantelmann2004Jusczyk ,"Houston, D.M., Santelmann, L., & Jusczyk, P.W. (2004). English-learning infants’ segmentation of trisyllabic words from fluent speech. Language and Cognitive Processes, 19(1), 97-136. DOI: 10.1080/01690960344000143","Houston, Santelmann, & Jusczyk (2004)",Christina & Alex,1,1,FAM,B,LookingTime,0,,American English,standard,,,28,,232,,7.65,6.77,2.53,1.56,2.25,,0.406964235,NA,33,,21,,0.3928571429,,16,,1,30,HPP
HoustonSantelmann2004Jusczyk ,"Houston, D.M., Santelmann, L., & Jusczyk, P.W. (2004). English-learning infants’ segmentation of trisyllabic words from fluent speech. Language and Cognitive Processes, 19(1), 97-136. DOI: 10.1080/01690960344000143","Houston, Santelmann, & Jusczyk (2004)",Christina & Alex,2,2,FAM,B,LookingTime,0,,American English,standard,,,28,,227,,8.42,7.82,2.8,2.97,1.42,,0.2020535945,NA,43,,14,,0.3214285714,,16,,1,30,HPP
HoustonSantelmann2004Jusczyk ,"Houston, D.M., Santelmann, L., & Jusczyk, P.W. (2004). English-learning infants’ segmentation of trisyllabic words from fluent speech. Language and Cognitive Processes, 19(1), 97-136. DOI: 10.1080/01690960344000143","Houston, Santelmann, & Jusczyk (2004)",Christina & Alex,3,3,FAM,B,LookingTime,0,,American English,standard,,,28,,232,,7.26,6.56,2.06,2.69,1.32,,0.2839862612,NA,70,,11,,0.6071428571,,16,,1,30,HPP
HoustonSantelmann2004Jusczyk ,"Houston, D.M., Santelmann, L., & Jusczyk, P.W. (2004). English-learning infants’ segmentation of trisyllabic words from fluent speech. Language and Cognitive Processes, 19(1), 97-136. DOI: 10.1080/01690960344000143","Houston, Santelmann, & Jusczyk (2004)",Christina & Alex,4,4,FAM,B,LookingTime,0,,American English,standard,,,32,,225,,7.59,7.63,2.87,2.88,-0.09,,-0.01357368043,NA,29,,7,,0.53125,,16,,1,30,HPP
HoustonSantelmann2004Jusczyk ,"Houston, D.M., Santelmann, L., & Jusczyk, P.W. (2004). English-learning infants’ segmentation of trisyllabic words from fluent speech. Language and Cognitive Processes, 19(1), 97-136. DOI: 10.1080/01690960344000143","Houston, Santelmann, & Jusczyk (2004)",Christina & Alex,5,5,FAM,B,LookingTime,0,,American English,standard,,,32,,226,,8.44,7.46,3.04,2.46,2.06,,0.3457546456,NA,43,,9,,0.5625,,16,,1,30,HPP
HoustonSantelmann2004Jusczyk ,"Houston, D.M., Santelmann, L., & Jusczyk, P.W. (2004). English-learning infants’ segmentation of trisyllabic words from fluent speech. Language and Cognitive Processes, 19(1), 97-136. DOI: 10.1080/01690960344000143","Houston, Santelmann, & Jusczyk (2004)",Christina & Alex,6,6,FAM,B,LookingTime,0,,American English,standard,,,32,,225,,7.49,7.51,2.67,2.78,-0.02,,-0.007158980537,NA,40,,15,,0.5,,16,,1,30,HPP
SinghNestorBortfeld2008,"Singh, L., Nestor, S.S., & Bortfeld, H. (2008). Overcoming the effects of variation in infant speech segmentation: Influences of word familiarity. Infancy, 13(1), 57-74. DOI: 10.1080/15250000701779386","Singh, Nestor, & Bortfeld (2008)",Christina & Alex,1,a,FAM,B,LookingTime,0,,American English,standard,,,16,,234,,NA,NA,NA,NA,NA,,0.4561572492,NA,31,,1,,0.5625,,NA,,1,30,HPP
SinghNestorBortfeld2008,"Singh, L., Nestor, S.S., & Bortfeld, H. (2008). Overcoming the effects of variation in infant speech segmentation: Influences of word familiarity. Infancy, 13(1), 57-74. DOI: 10.1080/15250000701779386","Singh, Nestor, & Bortfeld (2008)",Christina & Alex,1,b,FAM,B,LookingTime,0,,American English,standard,,,16,,234,,NA,NA,NA,NA,NA,,0.6914461211,NA,31,,1,,0.5625,,NA,,1,30,HPP
SinghNestorBortfeld2008,"Singh, L., Nestor, S.S., & Bortfeld, H. (2008). Overcoming the effects of variation in infant speech segmentation: Influences of word familiarity. Infancy, 13(1), 57-74. DOI: 10.1080/15250000701779386","Singh, Nestor, & Bortfeld (2008)",Christina & Alex,2,a,FAM,B,LookingTime,0,,American English,standard,,,16,,320,,NA,NA,NA,NA,NA,,0.6006504027,NA,54,,12,,0.4375,,NA,,1,30,HPP
SinghNestorBortfeld2008,"Singh, L., Nestor, S.S., & Bortfeld, H. (2008). Overcoming the effects of variation in infant speech segmentation: Influences of word familiarity. Infancy, 13(1), 57-74. DOI: 10.1080/15250000701779386","Singh, Nestor, & Bortfeld (2008)",Christina & Alex,2,b,FAM,B,LookingTime,0,,American English,standard,,,16,,320,,NA,NA,NA,NA,NA,,0.8615303954,NA,54,,12,,0.4375,,NA,,1,30,HPP
Singhetal2009,"Singh, L., Nestor, S., Parikh, C., & Yull, A. (2009). Influences of infant-directed speech on early word recognition. Infancy, 14(6), 654-666. DOI: 10.1080/15250000903263973","Singh, Nestor, Parikh, & Yull (2009)",Christina & Alex,1,ADS,FAM,B,LookingTime,0,,American English,standard,,,16,,224,,8.636,NA,NA,NA,NA,,0.2700813853,NA,32,,4,,0.375,,NA,,1,45,HPP
Singhetal2009,"Singh, L., Nestor, S., Parikh, C., & Yull, A. (2009). Influences of infant-directed speech on early word recognition. Infancy, 14(6), 654-666. DOI: 10.1080/15250000903263973","Singh, Nestor, Parikh, & Yull (2009)",Christina & Alex,1,IDS,FAM,B,LookingTime,0,,American English,standard,,,16,,224,,9.064,NA,NA,NA,NA,,0.2838058186,NA,32,,4,,0.375,,NA,,1,45,HPP
SinghWhiteMorgan2008,"Singh, L., White, K.S., & Morgan, J.L. (2008). Building a word-form lexicon in the face of variable input: Influences of pitch and amplitude on early spoken word recognition. Language Learning and Development, 4(2), 157-178. DOI: 10.1080/15475440801922131","Singh, White, & Morgan (2008)",Christina & Alex,1,1,FAM,B,LookingTime,0,,American English,standard,,,16,,232,,NA,NA,NA,NA,NA,,0.3858149186,NA,35,,1,,0.25,,16,,1,30,HPP
SinghWhiteMorgan2008,"Singh, L., White, K.S., & Morgan, J.L. (2008). Building a word-form lexicon in the face of variable input: Influences of pitch and amplitude on early spoken word recognition. Language Learning and Development, 4(2), 157-178. DOI: 10.1080/15475440801922131","Singh, White, & Morgan (2008)",Christina & Alex,2,High,FAM,B,LookingTime,0,,American English,standard,,,16,,224,,NA,NA,NA,NA,NA,,0.7296397449,NA,36,,1,,0.625,,16,,1,30,HPP
SinghWhiteMorgan2008,"Singh, L., White, K.S., & Morgan, J.L. (2008). Building a word-form lexicon in the face of variable input: Influences of pitch and amplitude on early spoken word recognition. Language Learning and Development, 4(2), 157-178. DOI: 10.1080/15475440801922131","Singh, White, & Morgan (2008)",Christina & Alex,2,Low,FAM,B,LookingTime,0,,American English,standard,,,16,,224,,NA,NA,NA,NA,NA,,0.280917262,NA,36,,1,,0.625,,16,,1,30,HPP
SinghWhiteMorgan2008,"Singh, L., White, K.S., & Morgan, J.L. (2008). Building a word-form lexicon in the face of variable input: Influences of pitch and amplitude on early spoken word recognition. Language Learning and Development, 4(2), 157-178. DOI: 10.1080/15475440801922131","Singh, White, & Morgan (2008)",Christina & Alex,3,3,FAM,B,LookingTime,0,,American English,standard,,,16,,276,,NA,NA,NA,NA,NA,,0.6454329411,NA,32,,0,,0.4375,,16,,1,30,HPP
HoehleWeissenborn2003,"Höhle, B. & Weissenborn, J. (2003). German‐learning infants’ ability to detect unstressed closed‐class elements in continuous speech. Developmental Science, 6(2), 122-127. DOI: 10.1111/1467-7687.00261",Hoehle & Weissenborn (2003),Christina & Alex,1,1,FAM,B,LookingTime,0,,German,standard,,,28,,244.36,,8.345,7.397,2.38,1.926,2.77,,0.4256114418,NA,46.42,,11,,0.5357142857,,16,,1,30,HPP
HoehleWeissenborn2003,"Höhle, B. & Weissenborn, J. (2003). German‐learning infants’ ability to detect unstressed closed‐class elements in continuous speech. Developmental Science, 6(2), 122-127. DOI: 10.1111/1467-7687.00261",Hoehle & Weissenborn (2003),Christina & Alex,2,2,FAM,B,LookingTime,0,,German,standard,,,28,,194.52,,8.764,8.617,2.462,2.501,0.42,,0.05757569755,NA,23,,3,,0.4642857143,,16,,1,30,HPP
Altvater-MackensenMani2013,"Altvater-Mackensen, N. & Mani, N. (2013). Word-form familiarity bootstraps infant speech segmentation. Developmental Science, 16(6): 980-990. DOI: 10.1111/desc.12071",Altvater-Mackensen & Mani (2013),Christina & Alex,1,1,FAM,B,LookingTime,0,,German,standard,,,20,,211.52,,8.8,8.5,4.472135955,3.577708764,NA,,0.07111653096,NA,49.42,,4,,0.55,,12,,1,100,Other
Altvater-MackensenMani2013,"Altvater-Mackensen, N. & Mani, N. (2013). Word-form familiarity bootstraps infant speech segmentation. Developmental Science, 16(6): 980-990. DOI: 10.1111/desc.12071",Altvater-Mackensen & Mani (2013),Christina & Alex,2,2,FAM,B,LookingTime,0,,German,standard,,,20,,212.94,,7.2,7.4,2.683281573,2.683281573,NA,,-0.07155417528,NA,54.42,,2,,0.45,,12,,1,100,Other
Altvater-MackensenMani2013,"Altvater-Mackensen, N. & Mani, N. (2013). Word-form familiarity bootstraps infant speech segmentation. Developmental Science, 16(6): 980-990. DOI: 10.1111/desc.12071",Altvater-Mackensen & Mani (2013),Christina & Alex,3,3,FAM,B,LookingTime,0,,German,standard,,,20,,215.94,,10,10.8,4.472135955,4.024922359,NA,,-0.18051859,NA,47.42,,7,,0.4,,12,,1,100,Other
Bortfeldetal2005,"Bortfeld, H., Morgan, J.L., Golinkoff, R.M., & Rathbun, K. (2005). Mommy and me familiar names help launch babies into speech-stream segmentation. Psychological Science, 16(4), 298-304. DOI: 10.1111/j.0956-7976.2005.01531.x","Bortfeld, Morgan, Golinkoff, & Rathbun (2005)",Christina & Alex,1,1,FAM,B,LookingTime,0,,American English,standard,,,24,,191,,NA,NA,NA,NA,NA,,0.09223058666,NA,39,,2,,NA,,12,,0,30,HPP
Bortfeldetal2005,"Bortfeld, H., Morgan, J.L., Golinkoff, R.M., & Rathbun, K. (2005). Mommy and me familiar names help launch babies into speech-stream segmentation. Psychological Science, 16(4), 298-304. DOI: 10.1111/j.0956-7976.2005.01531.x","Bortfeld, Morgan, Golinkoff, & Rathbun (2005)",Christina & Alex,2,2,FAM,B,LookingTime,0,,American English,standard,,,20,,188,,NA,NA,NA,NA,NA,,0.2321704726,NA,30,,7.5,,NA,,12,,0,30,HPP
Bortfeldetal2005,"Bortfeld, H., Morgan, J.L., Golinkoff, R.M., & Rathbun, K. (2005). Mommy and me familiar names help launch babies into speech-stream segmentation. Psychological Science, 16(4), 298-304. DOI: 10.1111/j.0956-7976.2005.01531.x","Bortfeld, Morgan, Golinkoff, & Rathbun (2005)",Christina & Alex,3,3,FAM,B,LookingTime,0,,American English,standard,,,20,,188,,NA,NA,NA,NA,NA,,-0.2105197944,NA,41,,4.5,,NA,,12,,0,30,HPP
SeidlJohnson2006,"Seidl, A. & Johnson, E.K. (2008). Boundary alignment enables 11-month-olds to segment vowel initial words from speech. Journal of Child Language, 35(01), 1-24. DOI: 10.1017/S0305000907008215",Seidl & Johnson (2006),Christina & Alex,1,A,FAM,B,LookingTime,0,,American English,standard,,,64,,242.94,,NA,8.7,NA,3.3,NA,,0.07567027753,0.56,33.42,,3.5,,0.484375,,12,,0,25,HPP
SeidlJohnson2006,"Seidl, A. & Johnson, E.K. (2008). Boundary alignment enables 11-month-olds to segment vowel initial words from speech. Journal of Child Language, 35(01), 1-24. DOI: 10.1017/S0305000907008215",Seidl & Johnson (2006),Christina & Alex,1,B,FAM,B,LookingTime,0,,American English,standard,,,64,,242.94,,NA,8.8,NA,3,NA,,0.2947150968,NA,33.42,,3.5,,0.484375,,12,,0,25,HPP
ShiLepage2008 ,"Shi, R. & Lepage, M. (2008). The effect of functional morphemes on word segmentation in preverbal infants. Developmental Science, 11(3), 407-413. DOI: 10.1111/j.1467-7687.2008.00685.x",Shi & Lepage (2008) ,Christina & Alex,1,1,FAM,B,LookingTime,0,,Canadian French,standard,,,32,,253.36,,11.35,9.79,3.84666089,4.29920923,2.386,,0.3730989888,NA,22,,12,,0.5,,2,,NA,NA,Other
ShiLepage2008 ,"Shi, R. & Lepage, M. (2008). The effect of functional morphemes on word segmentation in preverbal infants. Developmental Science, 11(3), 407-413. DOI: 10.1111/j.1467-7687.2008.00685.x",Shi & Lepage (2008) ,Christina & Alex,2,2,FAM,B,LookingTime,0,,Canadian French,standard,,,16,,254.36,,9.48,10.83,5.147737367,3.88,-1.347,,-0.2811126921,NA,18,,5,,0.5625,,2,,NA,NA,Other
SchmadeSeidl2009,"Schmale, R. & Seidl, A. (2009). Accommodating variability in voice and foreign accent: flexibility of early word representations. Developmental Science, 12(4), 583-601.DOI: 10.1111/j.1467-7687.2009.00809.x",Schmale & Seidl (2009),Christina & Alex,1,1,FAM,B,LookingTime,0,,American English,standard,,,24,,252,,7.98,7.08,3.17,2.71,NA,,0.2951287637,0.39,25,,11,,0.375,,16,,1,30,HPP
SinghReznickXuehua2012 ,"Singh, L., Reznick, J.S., & Xuehua, L. (2012). Infant word segmentation and childhood vocabulary development: a longitudinal analysis. Developmental Science, 15(4), 482-495. DOI: 10.1111/j.1467-7687.2012.01141.x","Singh, Reznick, & Xuehua (2012) ",Christina & Alex,1,1,FAM,B,LookingTime,0,,American English,standard,,,40,,223,,NA,NA,NA,NA,NA,,0.6460412621,NA,29,,NA,,0.55,,16,,1,30,HPP
Hollichetal2005,"Hollich, G., Newman, R.S., & Jusczyk, P.W. (2005). Infants' use of synchronized visual information to separate streams of speech. Child Development, 76(3), 598-613. DOI: 10.1111/j.1467-8624.2005.00866.x","Hollich, Newman, & Jusczyk (2005)",Christina & Alex,1,video,FAM,B,LookingTime,0,,American English,standard,,,30,,225.94,,10.91,8.93,3.231563089,2.902929555,4.39,,0.6277900386,NA,26,,0,,0.5,,8,,0,NA,Other
Hollichetal2005,"Hollich, G., Newman, R.S., & Jusczyk, P.W. (2005). Infants' use of synchronized visual information to separate streams of speech. Child Development, 76(3), 598-613. DOI: 10.1111/j.1467-8624.2005.00866.x","Hollich, Newman, & Jusczyk (2005)",Christina & Alex,2,incongruent,FAM,B,LookingTime,0,,American English,standard,,,30,,219.94,,9.73,10.24,3.61496888,3.395879857,0.94,,-0.1416243086,NA,22.42,,1,,0.5,,8,,0,NA,Other
Hollichetal2005,"Hollich, G., Newman, R.S., & Jusczyk, P.W. (2005). Infants' use of synchronized visual information to separate streams of speech. Child Development, 76(3), 598-613. DOI: 10.1111/j.1467-8624.2005.00866.x","Hollich, Newman, & Jusczyk (2005)",Christina & Alex,3,static,FAM,B,LookingTime,0,,American English,standard,,,30,,222.94,,9.69,9.29,3.067246322,2.519523765,0.16,,0.1387944772,NA,33.42,,1,,0.5,,8,,0,NA,Other
Hollichetal2005,"Hollich, G., Newman, R.S., & Jusczyk, P.W. (2005). Infants' use of synchronized visual information to separate streams of speech. Child Development, 76(3), 598-613. DOI: 10.1111/j.1467-8624.2005.00866.x","Hollich, Newman, & Jusczyk (2005)",Christina & Alex,4,oscilloscope,FAM,B,LookingTime,0,,American English,standard,,,30,,222.94,,11.07,9.64,2.848157299,3.505424368,2.28,,0.4360699237,NA,27,,1,,0.5,,8,,0,NA,Other
PolkaSundara2011,"Polka, L. & Sundara, M. (2012). Word Segmentation in Monolingual Infants Acquiring Canadian English and Canadian French: Native Language, Cross-Dialect, and Cross-Language Comparisons. Infancy, 17(2), 198-232. DOI: 10.1111/j.1532-7078.2011.00075.x",Polka & Sundara (2011),Christina & Alex,1,English,FAM,B,LookingTime,0,,Canadian English,standard,,,16,,242.94,,12.6,10.8,3.3,3.3,2.45,,0.5177195686,NA,45.42,,8,,0.25,,12,,1,30,HPP
PolkaSundara2011,"Polka, L. & Sundara, M. (2012). Word Segmentation in Monolingual Infants Acquiring Canadian English and Canadian French: Native Language, Cross-Dialect, and Cross-Language Comparisons. Infancy, 17(2), 198-232. DOI: 10.1111/j.1532-7078.2011.00075.x",Polka & Sundara (2011),Christina & Alex,1,French,FAM,B,LookingTime,0,,Canadian French,standard,,,16,,237.94,,10.7,9.3,3.3,2.7,4.12,,0.4407396368,NA,45.42,,8,,0.6875,,12,,1,30,HPP
PolkaSundara2011,"Polka, L. & Sundara, M. (2012). Word Segmentation in Monolingual Infants Acquiring Canadian English and Canadian French: Native Language, Cross-Dialect, and Cross-Language Comparisons. Infancy, 17(2), 198-232. DOI: 10.1111/j.1532-7078.2011.00075.x",Polka & Sundara (2011),Christina & Alex,2,2,FAM,B,LookingTime,0,,Canadian French,standard,,,24,,246.36,,9.3,9.98,2.5,3.2,-1.77,,-0.2290102193,NA,21.42,,9,,0.5,,12,,1,30,HPP
PolkaSundara2011,"Polka, L. & Sundara, M. (2012). Word Segmentation in Monolingual Infants Acquiring Canadian English and Canadian French: Native Language, Cross-Dialect, and Cross-Language Comparisons. Infancy, 17(2), 198-232. DOI: 10.1111/j.1532-7078.2011.00075.x",Polka & Sundara (2011),Christina & Alex,3,3,FAM,B,LookingTime,0,,Canadian French,standard,,,24,,246.36,,8.9,9.7,1.9,1.9,-2.6,,-0.4071717756,NA,20.42,,8,,0.5,,12,,1,30,HPP
PolkaSundara2011,"Polka, L. & Sundara, M. (2012). Word Segmentation in Monolingual Infants Acquiring Canadian English and Canadian French: Native Language, Cross-Dialect, and Cross-Language Comparisons. Infancy, 17(2), 198-232. DOI: 10.1111/j.1532-7078.2011.00075.x",Polka & Sundara (2011),Christina & Alex,4,4,FAM,B,LookingTime,0,,Canadian French,standard,,,16,,239.94,,9.6,8.3,2.1,2.6,2.6,,0.5221169339,NA,30.42,,10,,0.5,,12,,1,30,HPP
ShiCutlerWerkerCruickshank2006,"Shi, R., Cutler, A., Werker, J., & Cruickshank, M. (2006). Frequency and form as determinants of functor sensitivity in English-acquiring infants. The Journal of the Acoustical Society of America, 119(6), EL61-EL67. DOI: 10.1121/1.2198947","Shi, Cutler, Werker, & Cruickshank (2006) ",Christina & Alex,1,highfrequency,FAM,B,LookingTime,0,,American English,standard,,,8,,349.62,,19.41,15.6913,6.15242,6.4088,3.9,,0.5261945593,0.909,16,,5,,0.5,,4,,NA,15,Other
ShiCutlerWerkerCruickshank2006,"Shi, R., Cutler, A., Werker, J., & Cruickshank, M. (2006). Frequency and form as determinants of functor sensitivity in English-acquiring infants. The Journal of the Acoustical Society of America, 119(6), EL61-EL67. DOI: 10.1121/1.2198947","Shi, Cutler, Werker, & Cruickshank (2006) ",Christina & Alex,1,lowfrequency,FAM,B,LookingTime,0,,American English,standard,,,16,,348.62,,14.5119,14.7275,6.31568,5.3426,NA,,-0.03498426289,0.887,27,,5,,0.5,,4,,NA,15,Other
ShiCutlerWerkerCruickshank2006,"Shi, R., Cutler, A., Werker, J., & Cruickshank, M. (2006). Frequency and form as determinants of functor sensitivity in English-acquiring infants. The Journal of the Acoustical Society of America, 119(6), EL61-EL67. DOI: 10.1121/1.2198947","Shi, Cutler, Werker, & Cruickshank (2006) ",Christina & Alex,2,highfrequency,FAM,B,LookingTime,0,,American English,standard,,,8,,260.36,,17.7751,17.0893,4.27249,5.39172,NA,,0.1253185878,0.465,21,,2,,0.5,,4,,NA,15,Other
ShiCutlerWerkerCruickshank2006,"Shi, R., Cutler, A., Werker, J., & Cruickshank, M. (2006). Frequency and form as determinants of functor sensitivity in English-acquiring infants. The Journal of the Acoustical Society of America, 119(6), EL61-EL67. DOI: 10.1121/1.2198947","Shi, Cutler, Werker, & Cruickshank (2006) ",Christina & Alex,2,lowfrequency,FAM,B,LookingTime,0,,American English,standard,,,16,,258.36,,14.2881,12.6288,5.85385,4.75116,NA,,0.2954233111,0.348,27,,3,,0.5,,4,,NA,15,Other
MarquisShi2008,"Marquis, A. & Shi, R. (2008). Segmentation of verb forms in preverbal infants. The Journal of the Acoustical Society of America, 123(4), EL105-EL110. DOI: 10.1121/1.2884082",Marquis & Shi (2008),Christina & Alex,1,11 months,FAM,B,LookingTime,0,,Canadian French,standard,,,16,,345,,50.356,44.5,11.483,12.258,2.284,,0.4679902403,0.414,18,,8,,0.5,,10,,1,15,Other
MarquisShi2008,"Marquis, A. & Shi, R. (2008). Segmentation of verb forms in preverbal infants. The Journal of the Acoustical Society of America, 123(4), EL105-EL110. DOI: 10.1121/1.2884082",Marquis & Shi (2008),Christina & Alex,1,8 months,FAM,B,LookingTime,0,,Canadian French,standard,,,16,,253,,49.65,52.619,18.081,14.767,1.401,,-0.1707136308,0.886,15,,8,,0.5,,10,,1,15,Other
Johnson2008,"Johnson, E.K. (2008). Infants use prosodically conditioned acoustic-phonetic cues to extract words from speech. The Journal of the Acoustical Society of America, 123(6), EL144-EL148. DOI: 10.1121/1.2908407",Johnson (2008),Christina & Alex,1,1,FAM,B,LookingTime,0,,American English,standard,,,48,,364,,NA,7.89,NA,2.7,NA,,0.223808874,NA,56,,9,,0.4583333333,,12,,0,45,HPP
Nazzietal2005,"Nazzi, T., Dilley, L.C., Jusczyk, A.M., Shattuck-Hufnagel, S., & Jusczyk, P.W. (2005). English-learning infants' segmentation of verbs from fluent speech. Language and Speech, 48(3), 279-298. DOI: 10.1177/00238309050480030201","Nazzi, Dilley, Jusczyk, Shattuck-Hufnagel, & Jusczyk (2005)",Christina & Alex,1,10.5 months,FAM,B,LookingTime,0,,American English,standard,,,24,,321,,6.92,6.84,2.96,3.13,NA,,0.02539655615,NA,27,,7,,0.7083333333,,16,,1,30,HPP
Nazzietal2005,"Nazzi, T., Dilley, L.C., Jusczyk, A.M., Shattuck-Hufnagel, S., & Jusczyk, P.W. (2005). English-learning infants' segmentation of verbs from fluent speech. Language and Speech, 48(3), 279-298. DOI: 10.1177/00238309050480030201","Nazzi, Dilley, Jusczyk, Shattuck-Hufnagel, & Jusczyk (2005)",Christina & Alex,2,10.5 months,FAM,B,LookingTime,0,,American English,standard,,,32,,319,,6.39,6.07,2.35,2.38,NA,,0.132003739,NA,43,,13,,0.65625,,16,,1,30,HPP
Nazzietal2005,"Nazzi, T., Dilley, L.C., Jusczyk, A.M., Shattuck-Hufnagel, S., & Jusczyk, P.W. (2005). English-learning infants' segmentation of verbs from fluent speech. Language and Speech, 48(3), 279-298. DOI: 10.1177/00238309050480030201","Nazzi, Dilley, Jusczyk, Shattuck-Hufnagel, & Jusczyk (2005)",Christina & Alex,1,13.5 months,FAM,B,LookingTime,0,,American English,standard,,,24,,404,,7.35,5.73,3.3,2.59,NA,,0.5281270373,NA,34,,7,,0.5833333333,,16,,1,30,HPP
Nazzietal2005,"Nazzi, T., Dilley, L.C., Jusczyk, A.M., Shattuck-Hufnagel, S., & Jusczyk, P.W. (2005). English-learning infants' segmentation of verbs from fluent speech. Language and Speech, 48(3), 279-298. DOI: 10.1177/00238309050480030201","Nazzi, Dilley, Jusczyk, Shattuck-Hufnagel, & Jusczyk (2005)",Christina & Alex,2,16.5 months,FAM,B,LookingTime,0,,American English,standard,,,24,,497,,9.17,6.55,4.62,3.4,NA,,0.6246411353,NA,56,,7,,0.4583333333,,8,,1,30,HPP
Johnson2005,"Johnson, E.K. (2005). English-Learning Infants' Representations of Word Forms With Iambic Stress. Infancy, 7(1), 99-109. DOI: 10.1207/s15327078in0701_8",Johnson (2005),Christina & Alex,1,Familiar,FAM,B,LookingTime,0,,American English,standard,,,27,,318,,8.51,7.3,2.2,2.6,NA,,0.4877914108,NA,29,,4.5,,0.5555555556,,12,,0,NA,HPP
Johnson2005,"Johnson, E.K. (2005). English-Learning Infants' Representations of Word Forms With Iambic Stress. Infancy, 7(1), 99-109. DOI: 10.1207/s15327078in0701_8",Johnson (2005),Christina & Alex,1,Mispronounced,FAM,B,LookingTime,0,,American English,standard,,,27,,317,,6.6,7.3,2.2,2.5,NA,,-0.288609113,NA,31,,4.5,,0.4074074074,,12,,0,NA,HPP
Boschetal2013,"Bosch, L., Figueras, M., Teixidó, M., & Ramon-Casas, M. (2013). Rapid gains in segmenting fluent speech when words match the rhythmic unit: evidence from infants acquiring syllable-timed languages. Frontiers in Psychology, 4:106. DOI: 10.3389/fpsyg.2013.00106","Bosch, Figueras, Teixido, & Ramon-Casas (2013)",Christina & Alex,1,Bilingual,FAM,B,LookingTime,0,,Catalan and Spanish,bilingual,,,18,,249.36,,5.7,7,2.3,2.7,-2.8,,-0.4951345145,0.703,32.42,,4.666666667,,NA,,16,,0,45,Other
Boschetal2013,"Bosch, L., Figueras, M., Teixidó, M., & Ramon-Casas, M. (2013). Rapid gains in segmenting fluent speech when words match the rhythmic unit: evidence from infants acquiring syllable-timed languages. Frontiers in Psychology, 4:106. DOI: 10.3389/fpsyg.2013.00106","Bosch, Figueras, Teixido, & Ramon-Casas (2013)",Christina & Alex,1,Catalan,FAM,B,LookingTime,0,,Catalan,standard,,,18,,247.36,,6.1,7.5,2.8,3,-2.6,,-0.4608686441,0.8,37.42,,4.666666667,,NA,,16,,0,45,Other
Boschetal2013,"Bosch, L., Figueras, M., Teixidó, M., & Ramon-Casas, M. (2013). Rapid gains in segmenting fluent speech when words match the rhythmic unit: evidence from infants acquiring syllable-timed languages. Frontiers in Psychology, 4:106. DOI: 10.3389/fpsyg.2013.00106","Bosch, Figueras, Teixido, & Ramon-Casas (2013)",Christina & Alex,1,Spanish,FAM,B,LookingTime,0,,Spanish,standard,,,18,,249.36,,6.6,7.9,3.2,2.7,-2.7,,-0.4194426257,0.595,36.42,,4.666666667,,NA,,16,,0,45,Other
Boschetal2013,"Bosch, L., Figueras, M., Teixidó, M., & Ramon-Casas, M. (2013). Rapid gains in segmenting fluent speech when words match the rhythmic unit: evidence from infants acquiring syllable-timed languages. Frontiers in Psychology, 4:106. DOI: 10.3389/fpsyg.2013.00106","Bosch, Figueras, Teixido, & Ramon-Casas (2013)",Christina & Alex,2,Bilingual,FAM,B,LookingTime,0,,Catalan and Spanish,bilingual,,,18,,189.52,,6.7,5.5,2.8,2.9,2.2,,0.4021376471,0.73,38.42,,9.666666667,,NA,,16,,0,45,Other
Boschetal2013,"Bosch, L., Figueras, M., Teixidó, M., & Ramon-Casas, M. (2013). Rapid gains in segmenting fluent speech when words match the rhythmic unit: evidence from infants acquiring syllable-timed languages. Frontiers in Psychology, 4:106. DOI: 10.3389/fpsyg.2013.00106","Bosch, Figueras, Teixido, & Ramon-Casas (2013)",Christina & Alex,2,Catalan,FAM,B,LookingTime,0,,Catalan,standard,,,18,,188.52,,7.1,6.1,2.8,2.7,4.3,,0.3472967387,0.658,37.42,,9.666666667,,NA,,16,,0,45,Other
Boschetal2013,"Bosch, L., Figueras, M., Teixidó, M., & Ramon-Casas, M. (2013). Rapid gains in segmenting fluent speech when words match the rhythmic unit: evidence from infants acquiring syllable-timed languages. Frontiers in Psychology, 4:106. DOI: 10.3389/fpsyg.2013.00106","Bosch, Figueras, Teixido, & Ramon-Casas (2013)",Christina & Alex,2,Spanish,FAM,B,LookingTime,0,,Spanish,standard,,,18,,186.52,,8.6,7.1,3.1,2.2,2.2,,0.5330617302,0.805,38.42,,9.666666667,,NA,,16,,0,45,Other
NewmanJusczyk1996,"Newman, R.S. & Jusczyk, P.W. (1996). The cocktail party effect in infants. Perception & Psychophysics, 58(8), 1145-1156. DOI: 10.3758/BF03207548",Newman & Jusczyk (1996),Christina & Alex,1,1,FAM,B,LookingTime,0,,American English,standard,,,24,,233,,7.71,6.21,2.11,1.93,5.27,,0.717382103,0.8,33,,7,,0.4166666667,,16,,1,30,HPP
NewmanJusczyk1996,"Newman, R.S. & Jusczyk, P.W. (1996). The cocktail party effect in infants. Perception & Psychophysics, 58(8), 1145-1156. DOI: 10.3758/BF03207548",Newman & Jusczyk (1996),Christina & Alex,2,2,FAM,B,LookingTime,0,,American English,standard,,,24,,219,,8.01,6.9,2.29,2.27,3.092,,0.4707878374,0.7,33,,13,,0.2916666667,,16,,1,30,HPP
NewmanJusczyk1996,"Newman, R.S. & Jusczyk, P.W. (1996). The cocktail party effect in infants. Perception & Psychophysics, 58(8), 1145-1156. DOI: 10.3758/BF03207548",Newman & Jusczyk (1996),Christina & Alex,3,3,FAM,B,LookingTime,0,,American English,standard,,,24,,232,,6.74,6.65,1.98,1.62,0.23,,0.04811168832,0.5,27,,11,,0.3333333333,,16,,1,30,HPP
NewmanJusczyk1996,"Newman, R.S. & Jusczyk, P.W. (1996). The cocktail party effect in infants. Perception & Psychophysics, 58(8), 1145-1156. DOI: 10.3758/BF03207548",Newman & Jusczyk (1996),Christina & Alex,4,4,FAM,B,LookingTime,0,,American English,standard,,,24,,230,,11.34,9.85,4.56,3.77,2.28,,0.3444040107,0.72,34,,6,,0.5416666667,,12,,0,45,HPP
HoustonJusczykKuijpersCoolenCutler2000,"Houston, D.M., Jusczyk, P.W., Kuijpers, C., Coolen, R., & Cutler, A. (2000). Cross-language word segmentation by 9-month-olds. Psychonomic Bulletin & Review, 7(3), 504-509. DOI: 10.3758/BF03214363","Houston, Jusczyk, Kuijpers, Coolen, & Cutler (2000)",Christina & Alex,1,Dutch,FAM,B,LookingTime,0,,Dutch,standard,,,24,,281,,7.3,6.31,2.27,2.31,1.95,,0.4180463439,NA,19,,28,,0.4166666667,,16,,1,30,HPP
Katz-Gershon2007,"Katz-Gershon, S. (2007). Word Extraction in Infant and Adult Directed Speech: Does Dialect Matter? Doctoral Dissertation, Wayne State University.",Katz-Gershon (2007),Christina & Alex,1,ADS_AAE,FAM,B,LookingTime,0,,African American English,standard,,,16,,243.36,,8.49,11.31,4.6,5.5,-2.47,,-0.527929973,NA,30.42,,2,,0.6,,NA,,0,NA,Other
Katz-Gershon2007,"Katz-Gershon, S. (2007). Word Extraction in Infant and Adult Directed Speech: Does Dialect Matter? Doctoral Dissertation, Wayne State University.",Katz-Gershon (2007),Christina & Alex,1,IDS_AAE,FAM,B,LookingTime,0,,African American English,standard,,,16,,243.36,,11.24,10.33,4.32,3.67,0.64,,0.2154905636,NA,30.42,,2,,0.6,,NA,,0,NA,Other
WillitsSeidenbergSaffran2009,"Willits, J.A., Seidenberg, M.S., & Saffran, J.R. (2009). Verbs are lookING good in early language acquisition. In: N. Taatgen, H. van Rijn, L. Schomaker, & J. Nerbonne (Eds.), Proceedings of the 31st Annual Conference of the Cognitive Science Society. Austin, TX: Cognitive Science Society. 2570-2575.","Willits, Seidenberg, & Saffran (2009)",Christina & Alex,1,1,FAM,B,LookingTime,0,,American English,standard,,,24,,279,,7.547,7.7099,2.2061,2.2061,NA,,-0.07140640512,0.647,35,,8,,0.5,,12,,0,NA,Other
WillitsSeidenbergSaffran2009,"Willits, J.A., Seidenberg, M.S., & Saffran, J.R. (2009). Verbs are lookING good in early language acquisition. In: N. Taatgen, H. van Rijn, L. Schomaker, & J. Nerbonne (Eds.), Proceedings of the 31st Annual Conference of the Cognitive Science Society. Austin, TX: Cognitive Science Society. 2570-2575.","Willits, Seidenberg, & Saffran (2009)",Christina & Alex,2,7.5 months,FAM,B,LookingTime,0,,American English,standard,,,24,,216,,6.9421,8.0253,1.9525,2.1782,NA,,-0.506417782,0.635,56,,6.5,,0.5,,12,,0,NA,Other
WillitsSeidenbergSaffran2009,"Willits, J.A., Seidenberg, M.S., & Saffran, J.R. (2009). Verbs are lookING good in early language acquisition. In: N. Taatgen, H. van Rijn, L. Schomaker, & J. Nerbonne (Eds.), Proceedings of the 31st Annual Conference of the Cognitive Science Society. Austin, TX: Cognitive Science Society. 2570-2575.","Willits, Seidenberg, & Saffran (2009)",Christina & Alex,2,9.5 months,FAM,B,LookingTime,0,,American English,standard,,,24,,279,,7.1163,8.5522,2.383,2.9972,NA,,-0.5128441353,0.596,35,,6.5,,0.5,,12,,0,NA,Other
Shi2007,"Shi, R. (2007). Infants' recognition of function words in continuous speech. In: Proceedings of the 17th International Congress of Phonetic Sciences, 1541-1544.",Shi (2007),Christina & Alex,1,1,FAM,B,LookingTime,0,,Canadian French,standard,,,8,,250.36,,56.02,51.04,2.92,4.2,2.609,,1.223826436,NA,22,,2,,1,,10,,1,30,Other
Kuijpersetal1998,"Kuijpers, C.T.L., Coolen, R., Houston, D.M., & Cutler, A. (1998). Using the head-turning technique to explore cross-linguistic performance differences. In: C. Rovee-Collier; L. Lipsitt; H. Hayne (Eds.), Advances in Infancy Research, Vol. 12, 205-220","Kuijpers, Coolen, Houston, & Cutler (1998)",Christina & Alex,1,1,FAM,B,LookingTime,0,,Dutch,standard,,,24,,226.94,,6.84,6.72,2.22,1.93,0.37,,0.05578875164,NA,21,,19,,0.5,,16,,1,30,HPP
MarquisShi2009,"Marquis, A. & Shi, R. (2009). The recognition of verb roots and bound morphemes when vowel alternations are at play. In J. Chandlee, M. Franchini, S. Lord, & M. Rheiner (Eds.), A supplement to the Proceedings of the 33rd Boston University Conference on Language Development.",Marquis & Shi (2009),Christina & Alex,1,1,FAM,B,LookingTime,0,,Canadian French,standard,,,16,,345,,27.28,22.4,9.81,8.27,3.113,,0.5105257654,NA,17,,NA,,NA,,NA,,1,23,Other
MarquisShi2009,"Marquis, A. & Shi, R. (2009). The recognition of verb roots and bound morphemes when vowel alternations are at play. In J. Chandlee, M. Franchini, S. Lord, & M. Rheiner (Eds.), A supplement to the Proceedings of the 33rd Boston University Conference on Language Development.",Marquis & Shi (2009),Christina & Alex,2,2,FAM,B,LookingTime,0,,Canadian French,standard,,,16,,344,,22.15,25.34,10.63,14.23,0.945,,-0.2410732567,NA,16,,2,,NA,,NA,,1,23,Other
Mason-AppsStojanovikHouston-Price2011,"Mason-Apps, E., Stojanovik, V., & Houston-Price, C. (2011). Early Word Segmentation in Typically Developing Infants and Infants with Down Syndrome: A Preliminary Study. In: Proceedings of the 17th International Congress of Phonetic Sciences, 1334-1337","Mason-Apps, Stojanovik, & Houston-Price (2011)",Christina & Alex,1,1,FAM,B,LookingTime,0,,British English,standard,,,24,,313.2,,NA,NA,NA,NA,NA,,0.4514244142,NA,NA,,NA,,0.5833333333,,12,,1,30,HPP
BartelsDarcyHoehle2009,"Bartels, S., Darcy, I., & Höhle, B. (2009). Schwa Syllables Facilitate Word Segmentation for 9-month-old German-learning Infants. In: Chanderlee, J. et al. (Eds.), Proceedings of the 33rd Boston University Conference on Language Development. Cascadilla Press, Somerville, MA, pp. 73-84.","Bartels, Darcy, & Hoehle (2009)",Christina & Alex,1,1,FAM,B,LookingTime,0,,German,standard,,,28,,269.36,,6.19,5.32,NA,NA,3.08,,0.5852119035,NA,41.42,,13,,0.4285714286,,16,,1,30,HPP
BartelsDarcyHoehle2009,"Bartels, S., Darcy, I., & Höhle, B. (2009). Schwa Syllables Facilitate Word Segmentation for 9-month-old German-learning Infants. In: Chanderlee, J. et al. (Eds.), Proceedings of the 33rd Boston University Conference on Language Development. Cascadilla Press, Somerville, MA, pp. 73-84.","Bartels, Darcy, & Hoehle (2009)",Christina & Alex,2,2,FAM,B,LookingTime,0,,German,standard,,,24,,268.36,,5.59,5.84,NA,NA,-0.56,,-0.1143445777,NA,25.42,,12,,0.5,,16,,1,30,HPP
BabineauShi2011,"Babineau, M. & Shi, R. (2011). Processing of French Liaisons in Toddlers. In: Davis, N., Mesh, K., Sung, H. (Eds.), Proceedings of the 35th Boston University Conference on Language Development. Cascadilla Press, Somerville, MA, pp. 25-37.",Babineau & Shi (2011),Christina & Alex,1,1,FAM,B,LookingTime,0,,Canadian French,standard,,,16,,631,,9.68,9.546,3.329,2.953,0.29,,0.04042000369,0.835,37,,13,,NA,,10,,0,50,Other
BabineauShi2011,"Babineau, M. & Shi, R. (2011). Processing of French Liaisons in Toddlers. In: Davis, N., Mesh, K., Sung, H. (Eds.), Proceedings of the 35th Boston University Conference on Language Development. Cascadilla Press, Somerville, MA, pp. 25-37.",Babineau & Shi (2011),Christina & Alex,2,2,FAM,B,LookingTime,0,,Canadian French,standard,,,16,,637,,8.541,9.915,2.192,2.707,-2.943,,-0.5294912452,0.728,40,,21,,NA,,10,,0,50,Other
BabineauShi2011,"Babineau, M. & Shi, R. (2011). Processing of French Liaisons in Toddlers. In: Davis, N., Mesh, K., Sung, H. (Eds.), Proceedings of the 35th Boston University Conference on Language Development. Cascadilla Press, Somerville, MA, pp. 25-37.",Babineau & Shi (2011),Christina & Alex,3,3,FAM,B,LookingTime,0,,Canadian French,standard,,,16,,753,,11.104,9.652,3.237,3.369,2.277,,0.4171645294,0.812,27,,17,,NA,,10,,0,50,Other
ShiMarquisGauthier2006,"Shi, R., Marquis, A., & Gauthier, B. (2006). Segmentation and representation of function words in preverbal French-learning infants. In D. Bamman, T. Magnitskaia & C. Zaller (Eds.), Proceedings of the 30th annual Boston University Conference on Language Development. Sommerville, MA, Cascadilla Press, 549-560.","Shi, Marquis, & Gauthier (2006)",Christina & Alex,1,1,FAM,B,LookingTime,0,,Canadian French,standard,,,16,,193.52,,58.525,53.2,13.81716,14.94974,NA,,0.3511205324,0.852,22,,NA,,0.5,,2,,NA,30,Other
ShiMarquisGauthier2006,"Shi, R., Marquis, A., & Gauthier, B. (2006). Segmentation and representation of function words in preverbal French-learning infants. In D. Bamman, T. Magnitskaia & C. Zaller (Eds.), Proceedings of the 30th annual Boston University Conference on Language Development. Sommerville, MA, Cascadilla Press, 549-560.","Shi, Marquis, & Gauthier (2006)",Christina & Alex,2,2,FAM,B,LookingTime,0,,Canadian French,standard,,,16,,191.52,,55.9125,55.8688,12.26713,12.73152,NA,,0.003317844054,0.819,20,,NA,,0.5,,2,,NA,30,Other
ShiMarquisGauthier2006,"Shi, R., Marquis, A., & Gauthier, B. (2006). Segmentation and representation of function words in preverbal French-learning infants. In D. Bamman, T. Magnitskaia & C. Zaller (Eds.), Proceedings of the 30th annual Boston University Conference on Language Development. Sommerville, MA, Cascadilla Press, 549-560.","Shi, Marquis, & Gauthier (2006)",Christina & Alex,4,Highfrequency,FAM,B,LookingTime,0,,Canadian French,standard,,,8,,258.36,,48.0875,41.325,15.65991,16.8804,2.915,,0.3691966931,0.921,51.42,,NA,,0.5,,2,,NA,30,Other
ShiMarquisGauthier2006,"Shi, R., Marquis, A., & Gauthier, B. (2006). Segmentation and representation of function words in preverbal French-learning infants. In D. Bamman, T. Magnitskaia & C. Zaller (Eds.), Proceedings of the 30th annual Boston University Conference on Language Development. Sommerville, MA, Cascadilla Press, 549-560.","Shi, Marquis, & Gauthier (2006)",Christina & Alex,4,Lowfrequency,FAM,B,LookingTime,0,,Canadian French,standard,,,8,,258.36,,36.9,36.8,15.4089,14.56571,NA,,0.005928600282,0.88,51.42,,NA,,0.5,,2,,NA,30,Other
TsayJusczyk2003,"Tsay, J. & Jusczyk, P.W. (2003). Detection of words in fluent Chinese by English-acquiring and Chinese-acquiring infants. In: D. Houston, A. Seidl, G. Hollich, E. Johnson, & A. Jusczyk (Eds.), Jusczyk Lab Final Report. Retrieved from: http://hincapie.psych.purdue.edu/Jusczyk",Tsay & Jusczyk (2003),Christina & Alex,2,2,FAM,B,LookingTime,0,,Mandarin,standard,,,4,,228.15,,8.21,9.15,3.27,3.07,-7.27,,-0.2155509345,NA,NA,,NA,,NA,,16,,1,30,HPP