"unique_ID","long_cite","short_cite","peer_reviewed","coder","expt_num","expt_condition","response_mode","exposure_phase","method","dependent_measure","participant_design","same_infant","native_lang","infant_type","group_name_1","group_name_2","n_1","n_2","mean_age_1","mean_age_2","x_1","x_2","SD_1","SD_2","t","F","d","d_var","corr","test_lang","age_range_1","age_range_2","n_excluded_1","n_excluded_2","gender_1","gender_2","num_trials","mean_vocab","procedure_secondary","audio.stimulus","audio.timing","number.of.familiarization.trials","familiarization.presentation.length..s.","object.stimulus","X","object_stimulus_2","object_stimulus_3","audio_condition_2","id","corr_imputed","r","SD_dif","d_calc","d_var_calc","g_calc","r_calc","dataset","mean_age","n"
"balaban1997","Balaban, M. T., & Waxman, S. R. (1997). Do words facilitate object categorization in 9-month-old infants?. Journal of experimental child psychology, 64(1), 3-26.","Balaban & Waxman (1997)","yes","Bria Long",1,"tone","eye-tracking","familiarization","forced-choice","looking_time","within_one",NA,"American English","typical","experimental",NA,12,NA,296.595,NA,0.42,0.5,0.103923049,NA,3,NA,1.22,0.2,NA,"American English",NA,NA,NA,NA,NA,NA,NA,NA,NA,"tone","simultaneous",9,NA,"line drawings, animals","","drawings","","non-linguistic sound",2,NA,NA,NA,-0.769800354876039,0.108024691098636,-0.71609335337306,-0.359210602410213,"Label advantage in concept learning",296.595,12
"balaban1997","Balaban, M. T., & Waxman, S. R. (1997). Do words facilitate object categorization in 9-month-old infants?. Journal of experimental child psychology, 64(1), 3-26.","Balaban & Waxman (1997)","yes","Bria Long",3,"word","eye-tracking","familiarization","forced-choice","looking_time","within_one",NA,"American English","typical","experimental",NA,16,NA,292.79,NA,0.6,0.5,NA,NA,3.44,NA,1.22,0.15,NA,"American English",NA,NA,NA,NA,NA,NA,NA,NA,NA,"""a X""","simultaneous",9,NA,"line drawings, animals","","drawings","","noun",5,NA,NA,NA,0.86,0.0856125,0.816271186440678,0.395027750659415,"Label advantage in concept learning",292.79,16
"balaban1997","Balaban, M. T., & Waxman, S. R. (1997). Do words facilitate object categorization in 9-month-old infants?. Journal of experimental child psychology, 64(1), 3-26.","Balaban & Waxman (1997)","yes","Bria Long",3,"content-filtered words","eye-tracking","familiarization","forced-choice","looking_time","within_one",NA,"American English","typical","experimental",NA,16,NA,292.79,NA,0.59,0.5,NA,NA,2.86,NA,1.01,0.14,NA,"American English",NA,NA,NA,NA,NA,NA,NA,NA,NA,"a X"" filtered - no content information","simultaneous",9,NA,"line drawings, animals","","drawings","","non-word linguistic sound",7,NA,NA,NA,0.715,0.07847578125,0.67864406779661,0.336634635669399,"Label advantage in concept learning",292.79,16
"waxman1999","Waxman, S. R. (1999). Specifying the scope of 13-month-olds' expectations for novel words. Cognition, 70(3), B35-B50.","Waxman (1999)","yes","Molly Lewis",1,"adjective","eye-tracking","familiarization","forced-choice","looking_time","within_one",NA,"American English","typical","experimental",NA,12,NA,395.96,NA,0.63,0.5,0.11,NA,3.88,NA,1.58,0.22,NA,"American English",1.8,NA,2,NA,0.5,NA,NA,NA,NA,"""This one is X-ish Do you likethe X-ish one?/See what I have?""","simultaneous",4,30,"small objects","","objects","","adjective",8,NA,NA,NA,1.18181818181818,0.141528925619835,1.09936575052854,0.508729312126641,"Label advantage in concept learning",395.96,12
"fulkerson2003","Fulkerson, A. L., & Haaf, R. A. (2003). The influence of labels, non-labeling sounds, and source of auditory input on 9-and 15-month-olds' object categorization. Infancy, 4(3), 349-369.","Fulkerson & Haaf (2003)","yes","Molly Lewis",1,"label-person-basic","behavior","familiarization","forced-choice","exploration_time","within_one",NA,"American English","typical","experimental",NA,14,NA,273.45,NA,0.58,0.5,0.11,NA,3.01,NA,1.14,0.17,NA,"American English",NA,NA,NA,NA,NA,NA,NA,NA,NA,"Look at the X","simultaneous",3,NA,"small toys","novelty preference score (based on examining time)","objects","","noun",17,NA,NA,NA,0.727272727272727,0.0903187721369539,0.684491978609625,0.341743063086704,"Label advantage in concept learning",273.45,14
"fulkerson2003","Fulkerson, A. L., & Haaf, R. A. (2003). The influence of labels, non-labeling sounds, and source of auditory input on 9-and 15-month-olds' object categorization. Infancy, 4(3), 349-369.","Fulkerson & Haaf (2003)","yes","Molly Lewis",1,"label-recorder-basic","behavior","familiarization","forced-choice","exploration_time","within_one",NA,"American English","typical","experimental",NA,13,NA,273.45,NA,0.59,0.5,0.09,NA,3.71,NA,1.46,0.19,NA,"American English",NA,NA,NA,NA,NA,NA,NA,NA,NA,"","simultaneous",3,NA,"small toys","novelty preference score (based on examining time)","objects","","noun",18,NA,NA,NA,1,0.115384615384615,0.936170212765957,0.447213595499958,"Label advantage in concept learning",273.45,13
"fulkerson2003","Fulkerson, A. L., & Haaf, R. A. (2003). The influence of labels, non-labeling sounds, and source of auditory input on 9-and 15-month-olds' object categorization. Infancy, 4(3), 349-369.","Fulkerson & Haaf (2003)","yes","Molly Lewis",1,"sound-person-basic","behavior","familiarization","forced-choice","exploration_time","within_one",NA,"American English","typical","experimental",NA,14,NA,273.45,NA,0.58,0.5,0.09,NA,3.56,NA,1.35,0.18,NA,"American English",NA,NA,NA,NA,NA,NA,NA,NA,NA,"","simultaneous",3,NA,"small toys","novelty preference score (based on examining time)","objects","","non-linguistic sound",19,NA,NA,NA,0.888888888888889,0.0996472663139329,0.836601307189542,0.406138466053447,"Label advantage in concept learning",273.45,14
"fulkerson2003","Fulkerson, A. L., & Haaf, R. A. (2003). The influence of labels, non-labeling sounds, and source of auditory input on 9-and 15-month-olds' object categorization. Infancy, 4(3), 349-369.","Fulkerson & Haaf (2003)","yes","Molly Lewis",1,"sound-recorder-basic","behavior","familiarization","forced-choice","exploration_time","within_one",NA,"American English","typical","experimental",NA,13,NA,273.45,NA,0.58,0.5,0.09,NA,2.14,NA,0.84,0.17,NA,"American English",NA,NA,NA,NA,NA,NA,NA,NA,NA,"","simultaneous",3,NA,"small toys","novelty preference score (based on examining time)","objects","","non-linguistic sound",20,NA,NA,NA,0.888888888888889,0.107312440645774,0.832151300236406,0.406138466053447,"Label advantage in concept learning",273.45,13
"fulkerson2003","Fulkerson, A. L., & Haaf, R. A. (2003). The influence of labels, non-labeling sounds, and source of auditory input on 9-and 15-month-olds' object categorization. Infancy, 4(3), 349-369.","Fulkerson & Haaf (2003)","yes","Molly Lewis",1,"no sound-basic","behavior","familiarization","forced-choice","exploration_time","within_one",NA,"American English","typical","experimental",NA,26,NA,273.45,NA,0.61,0.5,0.05,NA,8.77,NA,2.43,0.13,NA,"American English",NA,NA,NA,NA,NA,NA,NA,NA,NA,"","simultaneous",3,NA,"small toys","novelty preference score (based on examining time)","objects","","silence",21,NA,NA,NA,2.2,0.131538461538462,2.13333333333333,0.739940073395944,"Label advantage in concept learning",273.45,26
"fulkerson2003","Fulkerson, A. L., & Haaf, R. A. (2003). The influence of labels, non-labeling sounds, and source of auditory input on 9-and 15-month-olds' object categorization. Infancy, 4(3), 349-369.","Fulkerson & Haaf (2003)","yes","Molly Lewis",1,"label-person-superordinate","behavior","familiarization","forced-choice","exploration_time","within_one",NA,"American English","typical","experimental",NA,14,NA,273.45,NA,0.56,0.5,0.1,NA,2.29,NA,0.87,0.16,NA,"American English",NA,NA,NA,NA,NA,NA,NA,NA,NA,"","simultaneous",3,NA,"small toys","novelty preference score (based on examining time)","objects","","noun",22,NA,NA,NA,0.600000000000001,0.0842857142857143,0.564705882352942,0.287347885566346,"Label advantage in concept learning",273.45,14
"fulkerson2003","Fulkerson, A. L., & Haaf, R. A. (2003). The influence of labels, non-labeling sounds, and source of auditory input on 9-and 15-month-olds' object categorization. Infancy, 4(3), 349-369.","Fulkerson & Haaf (2003)","yes","Molly Lewis",1,"label-recorder-superordinate","behavior","familiarization","forced-choice","exploration_time","within_one",NA,"American English","typical","experimental",NA,13,NA,273.45,NA,0.59,0.5,0.11,NA,3.35,NA,1.31,0.19,NA,"American English",NA,NA,NA,NA,NA,NA,NA,NA,NA,"","simultaneous",3,NA,"small toys","novelty preference score (based on examining time)","objects","","noun",23,NA,NA,NA,0.818181818181818,0.102670057215512,0.76595744680851,0.378632845720504,"Label advantage in concept learning",273.45,13
"fulkerson2003","Fulkerson, A. L., & Haaf, R. A. (2003). The influence of labels, non-labeling sounds, and source of auditory input on 9-and 15-month-olds' object categorization. Infancy, 4(3), 349-369.","Fulkerson & Haaf (2003)","yes","Molly Lewis",1,"sound-person-superordinate","behavior","familiarization","forced-choice","exploration_time","within_one",NA,"American English","typical","experimental",NA,14,NA,273.45,NA,0.51,0.5,0.09,NA,0.27,NA,0.1,0.14,NA,"American English",NA,NA,NA,NA,NA,NA,NA,NA,NA,"","simultaneous",3,NA,"small toys","novelty preference score (based on examining time)","objects","","non-linguistic sound",24,NA,NA,NA,0.111111111111111,0.0718694885361552,0.104575163398693,0.055470019622523,"Label advantage in concept learning",273.45,14
"fulkerson2003","Fulkerson, A. L., & Haaf, R. A. (2003). The influence of labels, non-labeling sounds, and source of auditory input on 9-and 15-month-olds' object categorization. Infancy, 4(3), 349-369.","Fulkerson & Haaf (2003)","yes","Molly Lewis",1,"sound-recorder-superordinate","behavior","familiarization","forced-choice","exploration_time","within_one",NA,"American English","typical","experimental",NA,13,NA,273.45,NA,0.49,0.5,0.1,NA,-0.48,NA,-0.19,0.15,NA,"American English",NA,NA,NA,NA,NA,NA,NA,NA,NA,"","simultaneous",3,NA,"small toys","novelty preference score (based on examining time)","objects","","non-linguistic sound",25,NA,NA,NA,-0.1,0.0773076923076923,-0.0936170212765958,-0.0499376169438923,"Label advantage in concept learning",273.45,13
"fulkerson2003","Fulkerson, A. L., & Haaf, R. A. (2003). The influence of labels, non-labeling sounds, and source of auditory input on 9-and 15-month-olds' object categorization. Infancy, 4(3), 349-369.","Fulkerson & Haaf (2003)","yes","Molly Lewis",1,"no sound-superordinate","behavior","familiarization","forced-choice","exploration_time","within_one",NA,"American English","typical","experimental",NA,26,NA,273.45,NA,0.52,0.5,0.08,NA,1.2,NA,0.33,0.08,NA,"American English",NA,NA,NA,NA,NA,NA,NA,NA,NA,"","simultaneous",3,NA,"small toys","novelty preference score (based on examining time)","objects","","silence",26,NA,NA,NA,0.25,0.0396634615384615,0.242424242424243,0.124034734589209,"Label advantage in concept learning",273.45,26
"fulkerson2003","Fulkerson, A. L., & Haaf, R. A. (2003). The influence of labels, non-labeling sounds, and source of auditory input on 9-and 15-month-olds' object categorization. Infancy, 4(3), 349-369.","Fulkerson & Haaf (2003)","yes","Molly Lewis",1,"label-person-basic","behavior","familiarization","forced-choice","exploration_time","within_one",NA,"American English","typical","experimental",NA,13,NA,455.54,NA,0.6,0.5,0.09,NA,4.07,NA,1.6,0.2,NA,"American English",NA,NA,NA,NA,NA,NA,NA,NA,NA,"","simultaneous",3,NA,"small toys","novelty preference score (based on examining time)","objects","","noun",27,NA,NA,NA,1.11111111111111,0.124406457739791,1.04018912529551,0.485642931178632,"Label advantage in concept learning",455.54,13
"fulkerson2003","Fulkerson, A. L., & Haaf, R. A. (2003). The influence of labels, non-labeling sounds, and source of auditory input on 9-and 15-month-olds' object categorization. Infancy, 4(3), 349-369.","Fulkerson & Haaf (2003)","yes","Molly Lewis",1,"label-recorder-basic","behavior","familiarization","forced-choice","exploration_time","within_one",NA,"American English","typical","experimental",NA,14,NA,455.54,NA,0.61,0.5,0.11,NA,4.03,NA,1.52,0.18,NA,"American English",NA,NA,NA,NA,NA,NA,NA,NA,NA,"","simultaneous",3,NA,"small toys","novelty preference score (based on examining time)","objects","","noun",28,NA,NA,NA,1,0.107142857142857,0.941176470588235,0.447213595499958,"Label advantage in concept learning",455.54,14
"fulkerson2003","Fulkerson, A. L., & Haaf, R. A. (2003). The influence of labels, non-labeling sounds, and source of auditory input on 9-and 15-month-olds' object categorization. Infancy, 4(3), 349-369.","Fulkerson & Haaf (2003)","yes","Molly Lewis",1,"sound-person-basic","behavior","familiarization","forced-choice","exploration_time","within_one",NA,"American English","typical","experimental",NA,13,NA,455.54,NA,0.59,0.5,0.15,NA,2.31,NA,0.91,0.17,NA,"American English",NA,NA,NA,NA,NA,NA,NA,NA,NA,"","simultaneous",3,NA,"small toys","novelty preference score (based on examining time)","objects","","non-linguistic sound",29,NA,NA,NA,0.6,0.0907692307692308,0.561702127659574,0.287347885566345,"Label advantage in concept learning",455.54,13
"fulkerson2003","Fulkerson, A. L., & Haaf, R. A. (2003). The influence of labels, non-labeling sounds, and source of auditory input on 9-and 15-month-olds' object categorization. Infancy, 4(3), 349-369.","Fulkerson & Haaf (2003)","yes","Molly Lewis",1,"sound-recorder-basic","behavior","familiarization","forced-choice","exploration_time","within_one",NA,"American English","typical","experimental",NA,14,NA,455.54,NA,0.59,0.5,0.13,NA,2.78,NA,1.05,0.16,NA,"American English",NA,NA,NA,NA,NA,NA,NA,NA,NA,"","simultaneous",3,NA,"small toys","novelty preference score (based on examining time)","objects","","non-linguistic sound",30,NA,NA,NA,0.692307692307692,0.0885460693153001,0.65158371040724,0.327110563883166,"Label advantage in concept learning",455.54,14
"fulkerson2003","Fulkerson, A. L., & Haaf, R. A. (2003). The influence of labels, non-labeling sounds, and source of auditory input on 9-and 15-month-olds' object categorization. Infancy, 4(3), 349-369.","Fulkerson & Haaf (2003)","yes","Molly Lewis",1,"no sound-basic","behavior","familiarization","forced-choice","exploration_time","within_one",NA,"American English","typical","experimental",NA,26,NA,455.54,NA,0.64,0.5,0.11,NA,5.4,NA,1.5,0.1,NA,"American English",NA,NA,NA,NA,NA,NA,NA,NA,NA,"","simultaneous",3,NA,"small toys","novelty preference score (based on examining time)","objects","","silence",31,NA,NA,NA,1.27272727272727,0.0696122059758424,1.23415977961433,0.536875492193159,"Label advantage in concept learning",455.54,26
"fulkerson2003","Fulkerson, A. L., & Haaf, R. A. (2003). The influence of labels, non-labeling sounds, and source of auditory input on 9-and 15-month-olds' object categorization. Infancy, 4(3), 349-369.","Fulkerson & Haaf (2003)","yes","Molly Lewis",1,"label-person-superodinate","behavior","familiarization","forced-choice","exploration_time","within_one",NA,"American English","typical","experimental",NA,13,NA,455.54,NA,0.58,0.5,0.12,NA,2.5,NA,0.98,0.17,NA,"American English",NA,NA,NA,NA,NA,NA,NA,NA,NA,"","simultaneous",3,NA,"small toys","novelty preference score (based on examining time)","objects","","noun",32,NA,NA,NA,0.666666666666666,0.094017094017094,0.624113475177305,0.316227766016838,"Label advantage in concept learning",455.54,13
"fulkerson2003","Fulkerson, A. L., & Haaf, R. A. (2003). The influence of labels, non-labeling sounds, and source of auditory input on 9-and 15-month-olds' object categorization. Infancy, 4(3), 349-369.","Fulkerson & Haaf (2003)","yes","Molly Lewis",1,"label-recorder-superordinate","behavior","familiarization","forced-choice","exploration_time","within_one",NA,"American English","typical","experimental",NA,14,NA,455.54,NA,0.5,0.5,0.1,NA,0.11,NA,0.04,0.14,NA,"American English",NA,NA,NA,NA,NA,NA,NA,NA,NA,"","simultaneous",3,NA,"small toys","novelty preference score (based on examining time)","objects","","noun",33,NA,NA,NA,0,0.0714285714285714,0,0,"Label advantage in concept learning",455.54,14
"fulkerson2003","Fulkerson, A. L., & Haaf, R. A. (2003). The influence of labels, non-labeling sounds, and source of auditory input on 9-and 15-month-olds' object categorization. Infancy, 4(3), 349-369.","Fulkerson & Haaf (2003)","yes","Molly Lewis",1,"sound-person-superordinate","behavior","familiarization","forced-choice","exploration_time","within_one",NA,"American English","typical","experimental",NA,13,NA,455.54,NA,0.5,0.5,0.11,NA,-0.09,NA,-0.04,0.15,NA,"American English",NA,NA,NA,NA,NA,NA,NA,NA,NA,"","simultaneous",3,NA,"small toys","novelty preference score (based on examining time)","objects","","non-linguistic sound",34,NA,NA,NA,0,0.0769230769230769,0,0,"Label advantage in concept learning",455.54,13
"fulkerson2003","Fulkerson, A. L., & Haaf, R. A. (2003). The influence of labels, non-labeling sounds, and source of auditory input on 9-and 15-month-olds' object categorization. Infancy, 4(3), 349-369.","Fulkerson & Haaf (2003)","yes","Molly Lewis",1,"sound-recorder-superordinate","behavior","familiarization","forced-choice","exploration_time","within_one",NA,"American English","typical","experimental",NA,14,NA,455.54,NA,0.51,0.5,0.11,NA,0.48,NA,0.18,0.14,NA,"American English",NA,NA,NA,NA,NA,NA,NA,NA,NA,"","simultaneous",3,NA,"small toys","novelty preference score (based on examining time)","objects","","non-linguistic sound",35,NA,NA,NA,0.090909090909091,0.0717237308146399,0.0855614973262033,0.04540766091865,"Label advantage in concept learning",455.54,14
"fulkerson2003","Fulkerson, A. L., & Haaf, R. A. (2003). The influence of labels, non-labeling sounds, and source of auditory input on 9-and 15-month-olds' object categorization. Infancy, 4(3), 349-369.","Fulkerson & Haaf (2003)","yes","Molly Lewis",1,"no sound-superordinate","behavior","familiarization","forced-choice","exploration_time","within_one",NA,"American English","typical","experimental",NA,26,NA,455.54,NA,0.51,0.5,0.12,NA,0.16,NA,0.04,0.08,NA,"American English",NA,NA,NA,NA,NA,NA,NA,NA,NA,"","simultaneous",3,NA,"small toys","novelty preference score (based on examining time)","objects","","silence",36,NA,NA,NA,0.0833333333333334,0.0385950854700855,0.0808080808080809,0.0416305447121814,"Label advantage in concept learning",455.54,26
"ferry2010","Ferry, A. L., Hespos, S. J., & Waxman, S. R. (2010). Categorization in 3-and 4-month-old infants: an advantage of words over tones. Child development, 81(2), 472-479.","Ferry, Hespos, & Waxman (2010)","yes","Molly Lewis",1,"word","eye-tracking","familiarization","forced-choice","looking_time","within_one",NA,"American English","typical","experimental",NA,11,NA,98.26,NA,0.36,0.5,0.14,NA,-3.14,NA,-1.34,0.22,NA,"American English",NA,NA,NA,NA,NA,NA,NA,NA,NA,"look at the X. Do you see the X?","",8,NA,"line drawings, animals","novelty preference score (based on examining time)","drawings","","noun",37,NA,NA,NA,-1,0.136363636363636,-0.923076923076923,-0.447213595499958,"Label advantage in concept learning",98.26,11
"ferry2010","Ferry, A. L., Hespos, S. J., & Waxman, S. R. (2010). Categorization in 3-and 4-month-old infants: an advantage of words over tones. Child development, 81(2), 472-479.","Ferry, Hespos, & Waxman (2010)","yes","Molly Lewis",1,"tone","eye-tracking","familiarization","forced-choice","looking_time","within_one",NA,"American English","typical","experimental",NA,11,NA,98.26,NA,0.56,0.5,0.24,NA,0.84,NA,0.36,0.18,NA,"American English",NA,NA,NA,NA,NA,NA,NA,NA,NA,"","",8,NA,"line drawings, animals","novelty preference score (based on examining time)","drawings","","non-linguistic sound",38,NA,NA,NA,0.25,0.09375,0.230769230769231,0.124034734589209,"Label advantage in concept learning",98.26,11
"ferry2010","Ferry, A. L., Hespos, S. J., & Waxman, S. R. (2010). Categorization in 3-and 4-month-old infants: an advantage of words over tones. Child development, 81(2), 472-479.","Ferry, Hespos, & Waxman (2010)","yes","Molly Lewis",1,"word","eye-tracking","familiarization","forced-choice","looking_time","within_one",NA,"American English","typical","experimental",NA,12,NA,126.68,NA,0.64,0.5,0.22,NA,2.27,NA,0.93,0.18,NA,"American English",NA,NA,NA,NA,NA,NA,NA,NA,NA,"look at the X. Do you see the X?","",8,NA,"line drawings, animals","novelty preference score (based on examining time)","drawings","","noun",39,NA,NA,NA,0.636363636363636,0.100206611570248,0.591966173361522,0.303203657276947,"Label advantage in concept learning",126.68,12
"ferry2010","Ferry, A. L., Hespos, S. J., & Waxman, S. R. (2010). Categorization in 3-and 4-month-old infants: an advantage of words over tones. Child development, 81(2), 472-479.","Ferry, Hespos, & Waxman (2010)","yes","Molly Lewis",1,"tone","eye-tracking","familiarization","forced-choice","looking_time","within_one",NA,"American English","typical","experimental",NA,12,NA,126.68,NA,0.53,0.5,0.22,NA,0.5,NA,0.2,0.17,NA,"American English",NA,NA,NA,NA,NA,NA,NA,NA,NA,"","",8,NA,"line drawings, animals","novelty preference score (based on examining time)","drawings","","non-linguistic sound",40,NA,NA,NA,0.136363636363636,0.0841081267217631,0.126849894291755,0.0680238881373778,"Label advantage in concept learning",126.68,12
"fulkerson2007","Fulkerson, A. L., & Waxman, S. R. (2007). Words (but not tones) facilitate object categorization: Evidence from 6-and 12-month-olds. Cognition, 105(1), 218-228.","Fulkerson & Waxman (2007)","yes","Molly Lewis",1,"label","eye-tracking","familiarization","forced-choice","looking_time","within_one",NA,"American English","typical","experimental",NA,32,NA,185,NA,0.63,0.5,0.19,NA,3.95,NA,0.99,0.07,NA,"American English",NA,NA,NA,NA,NA,NA,NA,NA,NA,"","",8,NA,"images, animals","novelty preference score (based on examining time), SD's approximated from information given","drawings","","noun",53,NA,NA,NA,0.684210526315789,0.0385647506925208,0.667522464698331,0.32368767906299,"Label advantage in concept learning",185,32
"fulkerson2007","Fulkerson, A. L., & Waxman, S. R. (2007). Words (but not tones) facilitate object categorization: Evidence from 6-and 12-month-olds. Cognition, 105(1), 218-228.","Fulkerson & Waxman (2007)","yes","Molly Lewis",1,"tone","eye-tracking","familiarization","forced-choice","looking_time","within_one",NA,"American English","typical","experimental",NA,32,NA,185,NA,0.54,0.5,0.2,NA,1.05,NA,0.26,0.06,NA,"American English",NA,NA,NA,NA,NA,NA,NA,NA,NA,"","",8,NA,"images, animals","","drawings","","non-linguistic sound",54,NA,NA,NA,0.2,0.031875,0.195121951219512,0.099503719020999,"Label advantage in concept learning",185,32
"fulkerson2007","Fulkerson, A. L., & Waxman, S. R. (2007). Words (but not tones) facilitate object categorization: Evidence from 6-and 12-month-olds. Cognition, 105(1), 218-228.","Fulkerson & Waxman (2007)","yes","Molly Lewis",1,"label","eye-tracking","familiarization","forced-choice","looking_time","within_one",NA,"American English","typical","experimental",NA,32,NA,364,NA,0.59,0.5,0.18,NA,2.89,NA,0.72,0.07,NA,"American English",NA,NA,NA,NA,NA,NA,NA,NA,NA,"","",8,NA,"images, animals","","drawings","","noun",55,NA,NA,NA,0.5,0.03515625,0.48780487804878,0.242535625036333,"Label advantage in concept learning",364,32
"fulkerson2007","Fulkerson, A. L., & Waxman, S. R. (2007). Words (but not tones) facilitate object categorization: Evidence from 6-and 12-month-olds. Cognition, 105(1), 218-228.","Fulkerson & Waxman (2007)","yes","Molly Lewis",1,"tone","eye-tracking","familiarization","forced-choice","looking_time","within_one",NA,"American English","typical","experimental",NA,32,NA,364,NA,0.53,0.5,0.24,NA,1.32,NA,0.33,0.06,NA,"American English",NA,NA,NA,NA,NA,NA,NA,NA,NA,"","",8,NA,"images, animals","","drawings","","non-linguistic sound",56,NA,NA,NA,0.125,0.031494140625,0.121951219512195,0.0623782861551806,"Label advantage in concept learning",364,32
"waxman2001","Waxman, S. R., & Booth, A. E. (2001). Seeing pink elephants: Fourteen-month-olds' interpretations of novel nouns and adjectives. Cognitive psychology, 43(3), 217-242.","Waxman & Booth (2001)","yes","Molly Lewis",1,"noun-category","eye-tracking","familiarization","forced-choice","looking_time","within_one",NA,"American English","typical","experimental",NA,12,NA,425.88,NA,0.69,0.5,NA,NA,4.95,NA,2.02,0.25,NA,"American English",NA,NA,NA,NA,NA,NA,NA,NA,NA,"","",4,NA,"objects","","objects","","noun",57,NA,NA,NA,1.42894191624432,0.168411458333333,1.32924829418077,0.581337994337093,"Label advantage in concept learning",425.88,12
"waxman2001","Waxman, S. R., & Booth, A. E. (2001). Seeing pink elephants: Fourteen-month-olds' interpretations of novel nouns and adjectives. Cognitive psychology, 43(3), 217-242.","Waxman & Booth (2001)","yes","Molly Lewis",1,"noun-property","eye-tracking","familiarization","forced-choice","looking_time","within_one",NA,"American English","typical","experimental",NA,12,NA,425.88,NA,0.55,0.5,NA,NA,0.86,NA,0.35,0.17,NA,"American English",NA,NA,NA,NA,NA,NA,NA,NA,NA,"","",4,NA,"objects","","objects","","noun",58,NA,NA,NA,0.248260615751539,0.0859013888888889,0.23094010767585,0.123184898758177,"Label advantage in concept learning",425.88,12
"waxman2001","Waxman, S. R., & Booth, A. E. (2001). Seeing pink elephants: Fourteen-month-olds' interpretations of novel nouns and adjectives. Cognitive psychology, 43(3), 217-242.","Waxman & Booth (2001)","yes","Molly Lewis",1,"adjective-category","eye-tracking","familiarization","forced-choice","looking_time","within_one",NA,"American English","typical","experimental",NA,12,NA,425.88,NA,0.66,0.5,NA,NA,3.89,NA,1.59,0.22,NA,"American English",NA,NA,NA,NA,NA,NA,NA,NA,NA,"","",4,NA,"objects","","objects","","adjective",59,NA,NA,NA,1.12294627357382,0.135875347222222,1.04460118471983,0.489580919267045,"Label advantage in concept learning",425.88,12
"waxman2001","Waxman, S. R., & Booth, A. E. (2001). Seeing pink elephants: Fourteen-month-olds' interpretations of novel nouns and adjectives. Cognitive psychology, 43(3), 217-242.","Waxman & Booth (2001)","yes","Molly Lewis",1,"adjective-property","eye-tracking","familiarization","forced-choice","looking_time","within_one",NA,"American English","typical","experimental",NA,12,NA,425.88,NA,0.57,0.5,NA,NA,2.51,NA,1.02,0.19,NA,"American English",NA,NA,NA,NA,NA,NA,NA,NA,NA,"","",4,NA,"objects","","objects","","adjective",60,NA,NA,NA,0.72457458783298,0.105208680555556,0.674022872402772,0.340622558554847,"Label advantage in concept learning",425.88,12
"waxman2001","Waxman, S. R., & Booth, A. E. (2001). Seeing pink elephants: Fourteen-month-olds' interpretations of novel nouns and adjectives. Cognitive psychology, 43(3), 217-242.","Waxman & Booth (2001)","yes","Molly Lewis",2,"noun-category","eye-tracking","familiarization","forced-choice","looking_time","within_one",NA,"American English","typical","experimental",NA,16,NA,426.54,NA,0.63,0.5,NA,NA,2.51,NA,0.89,0.14,NA,"American English",NA,NA,NA,NA,NA,NA,NA,NA,NA,"","",4,NA,"objects","","objects","","noun",61,NA,NA,NA,0.6275,0.0748048828125,0.595593220338983,0.299361364771788,"Label advantage in concept learning",426.54,16
"waxman2001","Waxman, S. R., & Booth, A. E. (2001). Seeing pink elephants: Fourteen-month-olds' interpretations of novel nouns and adjectives. Cognitive psychology, 43(3), 217-242.","Waxman & Booth (2001)","yes","Molly Lewis",2,"noun-property","eye-tracking","familiarization","forced-choice","looking_time","within_one",NA,"American English","typical","experimental",NA,16,NA,427.26,NA,0.53,0.5,NA,NA,0.59,NA,0.21,0.13,NA,"American English",NA,NA,NA,NA,NA,NA,NA,NA,NA,"","",4,NA,"objects","","objects","","noun",62,NA,NA,NA,0.1475,0.0631798828125,0.14,0.0735502490454262,"Label advantage in concept learning",427.26,16
"waxman2001","Waxman, S. R., & Booth, A. E. (2001). Seeing pink elephants: Fourteen-month-olds' interpretations of novel nouns and adjectives. Cognitive psychology, 43(3), 217-242.","Waxman & Booth (2001)","yes","Molly Lewis",2,"adjective-category","eye-tracking","familiarization","forced-choice","looking_time","within_one",NA,"American English","typical","experimental",NA,16,NA,427.76,NA,0.7,0.5,NA,NA,4.04,NA,1.43,0.16,NA,"American English",NA,NA,NA,NA,NA,NA,NA,NA,NA,"","",4,NA,"objects","","objects","","adjective",63,NA,NA,NA,1.01,0.094378125,0.95864406779661,0.450780571280258,"Label advantage in concept learning",427.76,16
"waxman2001","Waxman, S. R., & Booth, A. E. (2001). Seeing pink elephants: Fourteen-month-olds' interpretations of novel nouns and adjectives. Cognitive psychology, 43(3), 217-242.","Waxman & Booth (2001)","yes","Molly Lewis",2,"adjective-property","eye-tracking","familiarization","forced-choice","looking_time","within_one",NA,"American English","typical","experimental",NA,16,NA,428.23,NA,0.66,0.5,NA,NA,3.17,NA,1.12,0.14,NA,"American English",NA,NA,NA,NA,NA,NA,NA,NA,NA,"","",4,NA,"objects","","objects","","adjective",64,NA,NA,NA,0.7925,0.0821267578125,0.752203389830508,0.368383319079167,"Label advantage in concept learning",428.23,16
"ferry2013","Ferry, A. L., Hespos, S. J., & Waxman, S. R. (2013). Nonhuman primate vocalizations support categorization in very young human infants. Proceedings of the National Academy of Sciences, 110(38), 15231-15235.","Ferry, Hespos & Waxman (2013)","yes","Molly Lewis",1,"lemur sounds","eye-tracking","familiarization","forced-choice","looking_time","within_one",NA,"American English","typical","experimental",NA,12,NA,91.33,NA,NA,NA,NA,NA,-3.427,NA,-1.4,0.21,NA,"American English",NA,NA,NA,NA,NA,NA,NA,NA,NA,"","",8,NA,"images, animals","","drawings","","other",69,NA,NA,NA,-0.989289686256424,0.124112253472222,-0.920269475587371,-0.443369445297202,"Label advantage in concept learning",91.33,12
"ferry2013","Ferry, A. L., Hespos, S. J., & Waxman, S. R. (2013). Nonhuman primate vocalizations support categorization in very young human infants. Proceedings of the National Academy of Sciences, 110(38), 15231-15235.","Ferry, Hespos & Waxman (2013)","yes","Molly Lewis",1,"lemur sounds","eye-tracking","familiarization","forced-choice","looking_time","within_one",NA,"American English","typical","experimental",NA,12,NA,121.88,NA,NA,NA,NA,NA,2.683,NA,1.1,0.19,NA,"American English",NA,NA,NA,NA,NA,NA,NA,NA,NA,"","",8,NA,"images, animals","","drawings","","other",70,NA,NA,NA,0.774515386117883,0.108328086805556,0.720479428946868,0.361124603405242,"Label advantage in concept learning",121.88,12
"ferry2013","Ferry, A. L., Hespos, S. J., & Waxman, S. R. (2013). Nonhuman primate vocalizations support categorization in very young human infants. Proceedings of the National Academy of Sciences, 110(38), 15231-15235.","Ferry, Hespos & Waxman (2013)","yes","Molly Lewis",1,"lemur sounds","eye-tracking","familiarization","forced-choice","looking_time","within_one",NA,"American English","typical","experimental",NA,12,NA,182.62,NA,NA,NA,NA,NA,1.039,NA,0.42,0.17,NA,"American English",NA,NA,NA,NA,NA,NA,NA,NA,NA,"","",8,NA,"images, animals","","drawings","","other",71,NA,NA,NA,0.299933464844011,0.0870816701388889,0.279007874273498,0.148308277127726,"Label advantage in concept learning",182.62,12
"ferry2013","Ferry, A. L., Hespos, S. J., & Waxman, S. R. (2013). Nonhuman primate vocalizations support categorization in very young human infants. Proceedings of the National Academy of Sciences, 110(38), 15231-15235.","Ferry, Hespos & Waxman (2013)","yes","Molly Lewis",2,"backward speech","eye-tracking","familiarization","forced-choice","looking_time","within_one",NA,"American English","typical","experimental",NA,12,NA,91.33,NA,NA,NA,NA,NA,0.5,NA,0.2,0.17,NA,"American English",NA,NA,NA,NA,NA,NA,NA,NA,NA,"","",8,NA,"images, animals","","drawings","","non-word linguistic sound",72,NA,NA,NA,0.144337567297406,0.0842013888888889,0.134267504462704,0.0719815750748695,"Label advantage in concept learning",91.33,12
"ferry2013","Ferry, A. L., Hespos, S. J., & Waxman, S. R. (2013). Nonhuman primate vocalizations support categorization in very young human infants. Proceedings of the National Academy of Sciences, 110(38), 15231-15235.","Ferry, Hespos & Waxman (2013)","yes","Molly Lewis",2,"backward speech","eye-tracking","familiarization","forced-choice","looking_time","within_one",NA,"American English","typical","experimental",NA,12,NA,121.88,NA,NA,NA,NA,NA,-0.212,NA,-0.09,0.17,NA,"American English",NA,NA,NA,NA,NA,NA,NA,NA,NA,"","",8,NA,"images, animals","","drawings","","non-word linguistic sound",73,NA,NA,NA,-0.0611991285341003,0.0834893888888889,-0.0569294218921864,-0.0305852486234225,"Label advantage in concept learning",121.88,12
"ferry2013","Ferry, A. L., Hespos, S. J., & Waxman, S. R. (2013). Nonhuman primate vocalizations support categorization in very young human infants. Proceedings of the National Academy of Sciences, 110(38), 15231-15235.","Ferry, Hespos & Waxman (2013)","yes","Molly Lewis",2,"backward speech","eye-tracking","familiarization","forced-choice","looking_time","within_one",NA,"American English","typical","experimental",NA,12,NA,182.62,NA,NA,NA,NA,NA,0.28,NA,0.11,0.17,NA,"American English",NA,NA,NA,NA,NA,NA,NA,NA,NA,"","",8,NA,"images, animals","","drawings","","non-word linguistic sound",74,NA,NA,NA,0.0808290376865476,0.0836055555555555,0.0751898024991141,0.0403815540292903,"Label advantage in concept learning",182.62,12
"althaus2015","Althaus, N., & Plunkett, K. (2015). Timing matters: The impact of label synchrony on infant categorisation. Cognition, 139, 1-9.","Althaus & Plunkett (2015)","yes","Molly Lewis",1,"silent","eye-tracking","familiarization","forced-choice","looking_time","within_one",NA,"American English","typical","experimental",NA,29,NA,372,NA,NA,NA,NA,NA,2.13,NA,0.56,0.07,NA,"American English",NA,NA,NA,NA,NA,NA,NA,NA,NA,"","",8,NA,"leaf-shell photos","","drawings","","silence",75,NA,NA,NA,0.39553107031712,0.0371800832342449,0.384841041389631,0.194007980272671,"Label advantage in concept learning",372,29
"althaus2015","Althaus, N., & Plunkett, K. (2015). Timing matters: The impact of label synchrony on infant categorisation. Cognition, 139, 1-9.","Althaus & Plunkett (2015)","yes","Molly Lewis",1,"asynchronous speech","eye-tracking","familiarization","forced-choice","looking_time","within_one",NA,"American English","typical","experimental",NA,29,NA,372,NA,NA,NA,NA,NA,4.037,NA,1.06,0.08,NA,"American English",NA,NA,NA,NA,NA,NA,NA,NA,NA,"","",8,NA,"leaf-shell photos","","drawings","","noun",76,NA,NA,NA,0.749652080220758,0.0441720386444709,0.729391213187765,0.350980627172532,"Label advantage in concept learning",372,29
"althaus2015","Althaus, N., & Plunkett, K. (2015). Timing matters: The impact of label synchrony on infant categorisation. Cognition, 139, 1-9.","Althaus & Plunkett (2015)","yes","Molly Lewis",1,"synchronous speech","eye-tracking","familiarization","forced-choice","looking_time","within_one",NA,"American English","typical","experimental",NA,29,NA,372,NA,NA,NA,NA,NA,1.066,NA,0.28,0.07,NA,"American English",NA,NA,NA,NA,NA,NA,NA,NA,NA,"","",8,NA,"leaf-shell photos","","drawings","","noun",77,NA,NA,NA,0.197951230496737,0.0351583567181926,0.192601197240069,0.0984943571455711,"Label advantage in concept learning",372,29
"balaban1997","Balaban, M. T., & Waxman, S. R. (1997). Do words facilitate object categorization in 9-month-old infants?. Journal of experimental child psychology, 64(1), 3-26.","Balaban & Waxman (1997)","yes","Bria Long",1,"word","eye-tracking","familiarization","forced-choice","looking_time","within_one",NA,"American English","typical","experimental",NA,12,NA,296.595,NA,0.5,0.5,0.103923049,NA,NA,NA,0,0.17,NA,"American English",NA,NA,NA,NA,NA,NA,NA,NA,NA,"""a X""","simultaneous",9,NA,"line drawings, animals","","drawings","","noun",1,NA,NA,NA,0,0.0833333333333333,0,0,"Label advantage in concept learning",296.595,12
"balaban1997","Balaban, M. T., & Waxman, S. R. (1997). Do words facilitate object categorization in 9-month-old infants?. Journal of experimental child psychology, 64(1), 3-26.","Balaban & Waxman (1997)","yes","Bria Long",2,"word","eye-tracking","familiarization","forced-choice","looking_time","within_one",NA,"American English","typical","experimental",NA,12,NA,296.595,NA,0.56,0.5,0.138564065,NA,NA,NA,0.43,0.17,NA,"American English",NA,NA,NA,NA,NA,NA,NA,NA,NA,"""a X""","simultaneous",9,NA,"line drawings, animals","","drawings","","noun",3,NA,NA,NA,0.433012700659439,0.0911458332888492,0.402802512241339,0.211603684182122,"Label advantage in concept learning",296.595,12
"balaban1997","Balaban, M. T., & Waxman, S. R. (1997). Do words facilitate object categorization in 9-month-old infants?. Journal of experimental child psychology, 64(1), 3-26.","Balaban & Waxman (1997)","yes","Bria Long",2,"tone","eye-tracking","familiarization","forced-choice","looking_time","within_one",NA,"American English","typical","experimental",NA,12,NA,296.595,NA,0.4,0.5,0.207846097,NA,NA,NA,-0.48,0.17,NA,"American English",NA,NA,NA,NA,NA,NA,NA,NA,NA,"tone","simultaneous",9,NA,"line drawings, animals","","drawings","","non-linguistic sound",4,NA,NA,NA,-0.481125224112339,0.0929783950532145,-0.447558348011478,-0.233890134764912,"Label advantage in concept learning",296.595,12
"balaban1997","Balaban, M. T., & Waxman, S. R. (1997). Do words facilitate object categorization in 9-month-old infants?. Journal of experimental child psychology, 64(1), 3-26.","Balaban & Waxman (1997)","yes","Bria Long",3,"tone","eye-tracking","familiarization","forced-choice","looking_time","within_one",NA,"American English","typical","experimental",NA,16,NA,292.79,NA,0.5,0.5,0.12,NA,NA,NA,0,0.12,NA,"American English",NA,NA,NA,NA,NA,NA,NA,NA,NA,"tone","simultaneous",9,NA,"line drawings, animals","","drawings","","non-linguistic sound",6,NA,NA,NA,0,0.0625,0,0,"Label advantage in concept learning",292.79,16
"waxman1999","Waxman, S. R. (1999). Specifying the scope of 13-month-olds' expectations for novel words. Cognition, 70(3), B35-B50.","Waxman (1999)","yes","Molly Lewis",1,"noun","eye-tracking","familiarization","forced-choice","looking_time","within_one",NA,"American English","typical","experimental",NA,12,NA,395.96,NA,0.54,0.5,0.12,NA,NA,NA,0.33,0.17,NA,"American English",1.8,NA,0,NA,0.5,NA,NA,NA,NA,"""This one is a(n) X. Do you like the X?/See what I have?""","simultaneous",4,30,"small objects","","objects","","noun",9,NA,NA,NA,0.333333333333334,0.087962962962963,0.310077519379845,0.164398987305357,"Label advantage in concept learning",395.96,12
"waxman1999","Waxman, S. R. (1999). Specifying the scope of 13-month-olds' expectations for novel words. Cognition, 70(3), B35-B50.","Waxman (1999)","yes","Molly Lewis",1,"no word","eye-tracking","familiarization","forced-choice","looking_time","within_one",NA,"American English","typical","experimental",NA,12,NA,395.96,NA,0.5,0.5,0.21,NA,NA,NA,0,0.17,NA,"American English",1.8,NA,0,NA,0.5,NA,NA,NA,NA,"""Look here. Look at this/See what I have?""","simultaneous",4,30,"small objects","","objects","","silence",10,NA,NA,NA,0,0.0833333333333333,0,0,"Label advantage in concept learning",395.96,12
"waxman2003","Waxman, S., & Booth, A. (2003). The origins and evolution of links between word learning and conceptual organization: new evidence from 11-month-olds.Developmental Science, 6(2), 128-135.","Waxman & Booth (2003)","yes","Molly Lewis",1,"noun-category","behavior","familiarization","forced-choice","target_selection","within_one",NA,"American English","typical","experimental",NA,9,NA,335.33,NA,0.57,0.5,0.24,NA,NA,NA,0.29,0.22,NA,"American English",NA,NA,2,NA,NA,NA,NA,NA,NA,"These are blickets. This one is a blicket and this one is a blicket. Look at these! Can you give me the __?","simultaneous",1,NA,"small toys","","objects","","noun",11,NA,NA,NA,0.291666666666666,0.115837191358025,0.263440860215054,0.144306893071728,"Label advantage in concept learning",335.33,9
"waxman2003","Waxman, S., & Booth, A. (2003). The origins and evolution of links between word learning and conceptual organization: new evidence from 11-month-olds.Developmental Science, 6(2), 128-135.","Waxman & Booth (2003)","yes","Molly Lewis",1,"noun-property","behavior","familiarization","forced-choice","target_selection","within_one",NA,"American English","typical","experimental",NA,9,NA,335.33,NA,0.55,0.5,0.14,NA,NA,NA,0.36,0.23,NA,"American English",NA,NA,0,NA,NA,NA,NA,NA,NA,"These are blickets. This one is a blicket and this one is a blicket Can you give me the __?","simultaneous",1,NA,"small toys","","objects","","noun",12,NA,NA,NA,0.357142857142857,0.118197278911565,0.322580645161291,0.175790638483658,"Label advantage in concept learning",335.33,9
"waxman2003","Waxman, S., & Booth, A. (2003). The origins and evolution of links between word learning and conceptual organization: new evidence from 11-month-olds.Developmental Science, 6(2), 128-135.","Waxman & Booth (2003)","yes","Molly Lewis",1,"adjective-category","behavior","familiarization","forced-choice","target_selection","within_one",NA,"American English","typical","experimental",NA,9,NA,335.33,NA,0.59,0.5,0.24,NA,NA,NA,0.37,0.23,NA,"American English",NA,NA,0,NA,NA,NA,NA,NA,NA,"These are blickish. This one is blickish and this one is blickish","simultaneous",1,NA,"small toys","","objects","","adjective",13,NA,NA,NA,0.375,0.118923611111111,0.338709677419355,0.184288535050185,"Label advantage in concept learning",335.33,9
"waxman2003","Waxman, S., & Booth, A. (2003). The origins and evolution of links between word learning and conceptual organization: new evidence from 11-month-olds.Developmental Science, 6(2), 128-135.","Waxman & Booth (2003)","yes","Molly Lewis",1,"adjective-property","behavior","familiarization","forced-choice","target_selection","within_one",NA,"American English","typical","experimental",NA,9,NA,335.33,NA,0.58,0.5,0.15,NA,NA,NA,0.53,0.23,NA,"American English",NA,NA,0,NA,NA,NA,NA,NA,NA,"These are blickish. This one is blickish and this one is blickish Can you give me the __?","simultaneous",1,NA,"small toys","","objects","","adjective",14,NA,NA,NA,0.533333333333333,0.126913580246914,0.481720430107527,0.257662650560332,"Label advantage in concept learning",335.33,9
"waxman2003","Waxman, S., & Booth, A. (2003). The origins and evolution of links between word learning and conceptual organization: new evidence from 11-month-olds.Developmental Science, 6(2), 128-135.","Waxman & Booth (2003)","yes","Molly Lewis",1,"no word-category","behavior","familiarization","forced-choice","target_selection","within_one",NA,"American English","typical","experimental",NA,9,NA,335.33,NA,0.46,0.5,0.15,NA,NA,NA,-0.27,0.22,NA,"American English",NA,NA,0,NA,NA,NA,NA,NA,NA,"Look at these. Look at this one and look at this one Can you give me the __?","simultaneous",1,NA,"small toys","","objects","","silence",15,NA,NA,NA,-0.266666666666667,0.115061728395062,-0.240860215053763,-0.132163720091018,"Label advantage in concept learning",335.33,9
"waxman2003","Waxman, S., & Booth, A. (2003). The origins and evolution of links between word learning and conceptual organization: new evidence from 11-month-olds.Developmental Science, 6(2), 128-135.","Waxman & Booth (2003)","yes","Molly Lewis",1,"no word-property","behavior","familiarization","forced-choice","target_selection","within_one",NA,"American English","typical","experimental",NA,9,NA,335.33,NA,0.49,0.5,0.09,NA,NA,NA,-0.11,0.22,NA,"American English",NA,NA,0,NA,NA,NA,NA,NA,NA,"Look at these. Look at this one and look at this one Can you give me the __?","simultaneous",1,NA,"small toys","","objects","","silence",16,NA,NA,NA,-0.111111111111111,0.111796982167353,-0.100358422939068,-0.055470019622523,"Label advantage in concept learning",335.33,9
"robinson2007","Robinson, C. W., & Sloutsky, V. M. (2007). Linguistic labels and categorization in infancy: do labels facilitate or hinder?. Infancy, 11(3), 233-253.","Robinson & Sloutsky (2007)","yes","Molly Lewis",1,"silent","eye-tracking","familiarization","forced-choice","looking_time","within_one",NA,"American English","typical","experimental",NA,28,NA,244,NA,0.5009,0.4398,0.09022012,NA,NA,NA,0.68,0.08,NA,"American English",NA,NA,NA,NA,NA,NA,NA,NA,NA,"","",10,NA,"images, animals","novelty preference score (based on examining time) - note, SDs calcualted from baseline","drawings","","silence",41,NA,NA,NA,0.677232528620002,0.0439043553182329,0.658244700714768,0.320727660250687,"Label advantage in concept learning",244,28
"robinson2007","Robinson, C. W., & Sloutsky, V. M. (2007). Linguistic labels and categorization in infancy: do labels facilitate or hinder?. Infancy, 11(3), 233-253.","Robinson & Sloutsky (2007)","yes","Molly Lewis",1,"label","eye-tracking","familiarization","forced-choice","looking_time","within_one",NA,"American English","typical","experimental",NA,26,NA,244,NA,0.4518,0.4398,0.086938283,NA,NA,NA,0.14,0.08,NA,"American English",NA,NA,NA,NA,NA,NA,NA,NA,NA,"","",10,NA,"images, animals","novelty preference score (based on examining time)","drawings","","noun",42,NA,NA,NA,0.138028950951331,0.0388279229096293,0.133846255467958,0.0688507023838674,"Label advantage in concept learning",244,26
"robinson2007","Robinson, C. W., & Sloutsky, V. M. (2007). Linguistic labels and categorization in infancy: do labels facilitate or hinder?. Infancy, 11(3), 233-253.","Robinson & Sloutsky (2007)","yes","Molly Lewis",1,"tone","eye-tracking","familiarization","forced-choice","looking_time","within_one",NA,"American English","typical","experimental",NA,22,NA,244,NA,0.4578,0.4398,0.079971589,NA,NA,NA,0.23,0.09,NA,"American English",NA,NA,NA,NA,NA,NA,NA,NA,NA,"","",10,NA,"images, animals","novelty preference score (based on examining time)","drawings","","non-linguistic sound",43,NA,NA,NA,0.225079934325176,0.0466059312917233,0.216944515012218,0.111833993046543,"Label advantage in concept learning",244,22
"robinson2007","Robinson, C. W., & Sloutsky, V. M. (2007). Linguistic labels and categorization in infancy: do labels facilitate or hinder?. Infancy, 11(3), 233-253.","Robinson & Sloutsky (2007)","yes","Molly Lewis",1,"silent","eye-tracking","familiarization","forced-choice","looking_time","within_one",NA,"American English","typical","experimental",NA,18,NA,373,NA,0.5745,0.4408,0.072337024,NA,NA,NA,1.85,0.16,NA,"American English",NA,NA,NA,NA,NA,NA,NA,NA,NA,"","",10,NA,"images, animals","novelty preference score (based on examining time)","drawings","","silence",44,NA,NA,NA,1.84829279125445,0.150449617838977,1.76553341254156,0.67870407357721,"Label advantage in concept learning",373,18
"robinson2007","Robinson, C. W., & Sloutsky, V. M. (2007). Linguistic labels and categorization in infancy: do labels facilitate or hinder?. Infancy, 11(3), 233-253.","Robinson & Sloutsky (2007)","yes","Molly Lewis",1,"label","eye-tracking","familiarization","forced-choice","looking_time","within_one",NA,"American English","typical","experimental",NA,18,NA,373,NA,0.4862,0.4408,0.067457987,NA,NA,NA,0.67,0.12,NA,"American English",NA,NA,NA,NA,NA,NA,NA,NA,NA,"","",10,NA,"images, animals","novelty preference score (based on examining time)","drawings","","noun",45,NA,NA,NA,0.673011484911342,0.0681373460784047,0.642876642303371,0.318932543484611,"Label advantage in concept learning",373,18
"robinson2007","Robinson, C. W., & Sloutsky, V. M. (2007). Linguistic labels and categorization in infancy: do labels facilitate or hinder?. Infancy, 11(3), 233-253.","Robinson & Sloutsky (2007)","yes","Molly Lewis",1,"tone","eye-tracking","familiarization","forced-choice","looking_time","within_one",NA,"American English","typical","experimental",NA,21,NA,373,NA,0.4291,0.4408,0.043076212,NA,NA,NA,-0.27,0.1,NA,"American English",NA,NA,NA,NA,NA,NA,NA,NA,NA,"","",10,NA,"images, animals","novelty preference score (based on examining time)","drawings","","non-linguistic sound",46,NA,NA,NA,-0.271611626389062,0.0493755446568979,-0.261297260829984,-0.134570526006203,"Label advantage in concept learning",373,21
"robinson2007","Robinson, C. W., & Sloutsky, V. M. (2007). Linguistic labels and categorization in infancy: do labels facilitate or hinder?. Infancy, 11(3), 233-253.","Robinson & Sloutsky (2007)","yes","Molly Lewis",2,"silent","eye-tracking","familiarization","forced-choice","looking_time","within_one",NA,"American English","typical","experimental",NA,28,NA,252,NA,0.5221,0.4539,0.112,NA,NA,NA,0.61,0.07,NA,"American English",NA,NA,NA,NA,NA,NA,NA,NA,NA,"","",12,NA,"images, animals","novelty preference score (based on examining time)","drawings","","silence",47,NA,NA,NA,0.608928571428571,0.042335607233965,0.591855807743658,0.291263579582587,"Label advantage in concept learning",252,28
"robinson2007","Robinson, C. W., & Sloutsky, V. M. (2007). Linguistic labels and categorization in infancy: do labels facilitate or hinder?. Infancy, 11(3), 233-253.","Robinson & Sloutsky (2007)","yes","Molly Lewis",2,"label","eye-tracking","familiarization","forced-choice","looking_time","within_one",NA,"American English","typical","experimental",NA,21,NA,252,NA,0.4872,0.4612,0.112,NA,NA,NA,0.23,0.1,NA,"American English",NA,NA,NA,NA,NA,NA,NA,NA,NA,"","",12,NA,"images, animals","novelty preference score (based on examining time), SD's approximated from information given","drawings","","noun",48,NA,NA,NA,0.232142857142857,0.0489021501457726,0.223327305605787,0.115297350862306,"Label advantage in concept learning",252,21
"robinson2007","Robinson, C. W., & Sloutsky, V. M. (2007). Linguistic labels and categorization in infancy: do labels facilitate or hinder?. Infancy, 11(3), 233-253.","Robinson & Sloutsky (2007)","yes","Molly Lewis",2,"tone","eye-tracking","familiarization","forced-choice","looking_time","within_one",NA,"American English","typical","experimental",NA,25,NA,252,NA,0.4588,0.5075,0.112,NA,NA,NA,-0.43,0.08,NA,"American English",NA,NA,NA,NA,NA,NA,NA,NA,NA,"","",12,NA,"images, animals","novelty preference score (based on examining time), SD's approximated from information given","drawings","","non-linguistic sound",49,NA,NA,NA,-0.434821428571428,0.043781393494898,-0.421090225563909,-0.212447755245605,"Label advantage in concept learning",252,25
"robinson2007","Robinson, C. W., & Sloutsky, V. M. (2007). Linguistic labels and categorization in infancy: do labels facilitate or hinder?. Infancy, 11(3), 233-253.","Robinson & Sloutsky (2007)","yes","Molly Lewis",2,"silent","eye-tracking","familiarization","forced-choice","looking_time","within_one",NA,"American English","typical","experimental",NA,28,NA,252,NA,0.5927,0.4539,0.112,NA,NA,NA,1.24,0.09,NA,"American English",NA,NA,NA,NA,NA,NA,NA,NA,NA,"","",16,NA,"images, animals","novelty preference score (based on examining time), SD's approximated from information given","drawings","","silence",50,NA,NA,NA,1.23928571428571,0.0631398050291545,1.2045393858478,0.526720361215739,"Label advantage in concept learning",252,28
"robinson2007","Robinson, C. W., & Sloutsky, V. M. (2007). Linguistic labels and categorization in infancy: do labels facilitate or hinder?. Infancy, 11(3), 233-253.","Robinson & Sloutsky (2007)","yes","Molly Lewis",2,"label","eye-tracking","familiarization","forced-choice","looking_time","within_one",NA,"American English","typical","experimental",NA,21,NA,252,NA,0.5314,0.4612,0.112,NA,NA,NA,0.63,0.1,NA,"American English",NA,NA,NA,NA,NA,NA,NA,NA,NA,"","",16,NA,"images, animals","novelty preference score (based on examining time), SD's approximated from information given","drawings","","noun",51,NA,NA,NA,0.626785714285714,0.0569728650388727,0.602983725135624,0.299051091438709,"Label advantage in concept learning",252,21
"robinson2007","Robinson, C. W., & Sloutsky, V. M. (2007). Linguistic labels and categorization in infancy: do labels facilitate or hinder?. Infancy, 11(3), 233-253.","Robinson & Sloutsky (2007)","yes","Molly Lewis",2,"tone","eye-tracking","familiarization","forced-choice","looking_time","within_one",NA,"American English","typical","experimental",NA,25,NA,252,NA,0.5313,0.5075,0.112,NA,NA,NA,0.21,0.08,NA,"American English",NA,NA,NA,NA,NA,NA,NA,NA,NA,"","",16,NA,"images, animals","novelty preference score (based on examining time), SD's approximated from information given","drawings","","non-linguistic sound",52,NA,NA,NA,0.2125,0.040903125,0.205789473684211,0.105655299056427,"Label advantage in concept learning",252,25
"fulkerson2006","Fulkerson, A. L., & Haaf, R. A. (2006). Does object naming aid 12-month-olds' formation of novel object categories?. First Language, 26(4), 347-361.","Fulkerson & Haaf, 2006","yes","Molly Lewis",1,"label-narrow","behavior","familiarization","forced-choice","exploration_time","within_one",NA,"American English","typical","experimental",NA,16,NA,365.1,NA,0.72,0.5,0.32,NA,NA,NA,0.69,0.13,NA,"American English",NA,NA,NA,NA,NA,NA,NA,NA,NA,"","",4,NA,"objects","coded from plots","objects","","noun",65,NA,NA,NA,0.6875,0.0772705078125,0.652542372881356,0.325079768511048,"Label advantage in concept learning",365.1,16
"fulkerson2006","Fulkerson, A. L., & Haaf, R. A. (2006). Does object naming aid 12-month-olds' formation of novel object categories?. First Language, 26(4), 347-361.","Fulkerson & Haaf (2006)","yes","Molly Lewis",1,"no label-narrow","behavior","familiarization","forced-choice","exploration_time","within_one",NA,"American English","typical","experimental",NA,16,NA,365.1,NA,0.5,0.5,0.32,NA,NA,NA,0,0.12,NA,"American English",NA,NA,NA,NA,NA,NA,NA,NA,NA,"","",4,NA,"objects","coded from plots","objects","","silence",66,NA,NA,NA,0,0.0625,0,0,"Label advantage in concept learning",365.1,16
"fulkerson2006","Fulkerson, A. L., & Haaf, R. A. (2006). Does object naming aid 12-month-olds' formation of novel object categories?. First Language, 26(4), 347-361.","Fulkerson & Haaf (2006)","yes","Molly Lewis",1,"label-broad","behavior","familiarization","forced-choice","exploration_time","within_one",NA,"American English","typical","experimental",NA,16,NA,365.1,NA,0.47,0.5,0.32,NA,NA,NA,-0.09,0.13,NA,"American English",NA,NA,NA,NA,NA,NA,NA,NA,NA,"","",4,NA,"objects","coded from plots","objects","","noun",67,NA,NA,NA,-0.0937500000000001,0.062774658203125,-0.0889830508474577,-0.0468235862985862,"Label advantage in concept learning",365.1,16
"fulkerson2006","Fulkerson, A. L., & Haaf, R. A. (2006). Does object naming aid 12-month-olds' formation of novel object categories?. First Language, 26(4), 347-361.","Fulkerson & Haaf (2006)","yes","Molly Lewis",1,"no label-broad","behavior","familiarization","forced-choice","exploration_time","within_one",NA,"American English","typical","experimental",NA,16,NA,365.1,NA,0.63,0.5,0.32,NA,NA,NA,0.41,0.13,NA,"American English",NA,NA,NA,NA,NA,NA,NA,NA,NA,"","",4,NA,"objects","coded from plots","objects","","silence",68,NA,NA,NA,0.40625,0.067657470703125,0.385593220338983,0.199059924290105,"Label advantage in concept learning",365.1,16
"deng2015","Deng, W. & Sloutsky, V. M. (2015). Linguistic labels, dynamic visual features, and attention in infant category learning. Journal of experimental child psychology, 134, 62-77.","Deng & Sloutsky (2015)","yes","Molly Lewis",1,"early block - label","eye-tracking","familiarization","forced-choice","looking_time","within_one",NA,"American English","typical","experimental",NA,25,NA,304.56,NA,0.461005199,0.5,0.199306759,NA,NA,NA,-0.2,0.08,NA,"American English",NA,NA,NA,NA,NA,NA,NA,NA,NA,"","",5,NA,"geometric aliens","coded from plots","drawings","","noun",78,NA,NA,NA,-0.195652175549149,0.0407655954759423,-0.189473685794966,-0.0973613258718481,"Label advantage in concept learning",304.56,25
"deng2015","Deng, W. & Sloutsky, V. M. (2015). Linguistic labels, dynamic visual features, and attention in infant category learning. Journal of experimental child psychology, 134, 62-77.","Deng & Sloutsky (2015)","yes","Molly Lewis",1,"early-block-motion","eye-tracking","familiarization","forced-choice","looking_time","within_one",NA,"American English","typical","experimental",NA,26,NA,304.56,NA,0.495667244,0.5,0.1590682,NA,NA,NA,-0.03,0.08,NA,"American English",NA,NA,NA,NA,NA,NA,NA,NA,NA,"","",5,NA,"geometric aliens","coded from plots","drawings","","other",79,NA,NA,NA,-0.0272383543662403,0.0384758063067035,-0.0264129496884755,-0.013617914302775,"Label advantage in concept learning",304.56,26
"deng2015","Deng, W. & Sloutsky, V. M. (2015). Linguistic labels, dynamic visual features, and attention in infant category learning. Journal of experimental child psychology, 134, 62-77.","Deng & Sloutsky (2015)","yes","Molly Lewis",1,"late block - label","eye-tracking","familiarization","forced-choice","looking_time","within_one",NA,"American English","typical","experimental",NA,25,NA,304.56,NA,0.474870017,0.5,0.13864818,NA,NA,NA,-0.18,0.08,NA,"American English",NA,NA,NA,NA,NA,NA,NA,NA,NA,"","",15,NA,"geometric aliens","coded from plots","drawings","","noun",80,NA,NA,NA,-0.181250002704688,0.040657031269609,-0.17552631840875,-0.0902551314521843,"Label advantage in concept learning",304.56,25
"deng2015","Deng, W. & Sloutsky, V. M. (2015). Linguistic labels, dynamic visual features, and attention in infant category learning. Journal of experimental child psychology, 134, 62-77.","Deng & Sloutsky (2015)","yes","Molly Lewis",1,"late block - motion","eye-tracking","familiarization","forced-choice","looking_time","within_one",NA,"American English","typical","experimental",NA,26,NA,304.56,NA,0.582322357,0.5,0.1590682,NA,NA,NA,0.52,0.08,NA,"American English",NA,NA,NA,NA,NA,NA,NA,NA,NA,"","",15,NA,"geometric aliens","coded from plots","drawings","","other",81,NA,NA,NA,0.517528688952286,0.0436122296901668,0.501846001408277,0.250513175052303,"Label advantage in concept learning",304.56,26
"waxman2005","Waxman, S. R., & Braun, I. (2005). Consistent (but not variable) names as invitations to form object categories: new evidence from 12-month-old infants.Cognition, 95(3), B59-B68.","Waxman & Braun (2005)","yes","Bria Long",1,"consistent noun","eye-tracking","familiarization","forced-choice","looking_time","within_one",NA,"American English","typical","experimental",NA,18,NA,379.5,NA,0.64,0.5,0.12,NA,NA,NA,1.17,0.13,NA,"American English",NA,NA,NA,NA,NA,NA,NA,NA,NA,"","",4,30,"animal objects","","objects","superordinate level contrast","noun",82,NA,NA,NA,1.16666666666667,0.0933641975308642,1.11442786069652,0.503871025524086,"Label advantage in concept learning",379.5,18
"waxman2005","Waxman, S. R., & Braun, I. (2005). Consistent (but not variable) names as invitations to form object categories: new evidence from 12-month-old infants.Cognition, 95(3), B59-B68.","Waxman & Braun (2005)","yes","Bria Long",1,"variable nouns","eye-tracking","familiarization","forced-choice","looking_time","within_one",NA,"American English","typical","experimental",NA,18,NA,379.5,NA,0.57,0.5,0.18,NA,NA,NA,0.39,0.11,NA,"American English",NA,NA,NA,NA,NA,NA,NA,NA,NA,"","",4,30,"animal objects","","objects","superordinate level contrast","other",83,NA,NA,NA,0.388888888888889,0.0597565157750343,0.371475953565506,0.190869659102224,"Label advantage in concept learning",379.5,18
"waxman2005","Waxman, S. R., & Braun, I. (2005). Consistent (but not variable) names as invitations to form object categories: new evidence from 12-month-old infants.Cognition, 95(3), B59-B68.","Waxman & Braun (2005)","yes","Bria Long",1,"no nouns","eye-tracking","familiarization","forced-choice","looking_time","within_one",NA,"American English","typical","experimental",NA,18,NA,379.5,NA,0.56,0.5,0.2,NA,NA,NA,0.3,0.11,NA,"American English",NA,NA,NA,NA,NA,NA,NA,NA,NA,"","",4,30,"animal objects","","objects","superordinate level contrast","silence",84,NA,NA,NA,0.3,0.0580555555555556,0.286567164179105,0.148340452930245,"Label advantage in concept learning",379.5,18
"booth2003","Booth, A. E., & Waxman, S. R. (2003). Mapping words to the world in infancy: Infants' expectations for count nouns and adjectives. Journal of Cognition and Development, 4(3), 357-381.","Booth & Waxman (2003)","yes","Bria Long",1,"noun-category","behavior","familiarization","forced-choice","target_selection","within_one",NA,"American English","typical","experimental",NA,12,NA,423,NA,0.71,0.5,0.15,NA,NA,NA,1.4,0.21,NA,"American English",NA,NA,NA,NA,NA,NA,NA,NA,NA,"","",4,NA,"animal objects presented in pairs","","objects","superordinate level contrast","noun",85,NA,NA,NA,1.4,0.165,1.30232558139535,0.573462344363328,"Label advantage in concept learning",423,12
"booth2003","Booth, A. E., & Waxman, S. R. (2003). Mapping words to the world in infancy: Infants' expectations for count nouns and adjectives. Journal of Cognition and Development, 4(3), 357-381.","Booth & Waxman (2003)","yes","Bria Long",2,"adjective-property","behavior","familiarization","forced-choice","target_selection","within_one",NA,"American English","typical","experimental",NA,12,NA,423,NA,0.42,0.5,0.12,NA,NA,NA,-0.67,0.18,NA,"American English",NA,NA,NA,NA,NA,NA,NA,NA,NA,"","",4,NA,"animal objects presented in pairs","","objects","superordinate level contrast","adjective",86,NA,NA,NA,-0.666666666666667,0.101851851851852,-0.62015503875969,-0.316227766016838,"Label advantage in concept learning",423,12
"booth2003","Booth, A. E., & Waxman, S. R. (2003). Mapping words to the world in infancy: Infants' expectations for count nouns and adjectives. Journal of Cognition and Development, 4(3), 357-381.","Booth & Waxman (2003)","yes","Bria Long",3,"no word-category","behavior","familiarization","forced-choice","target_selection","within_one",NA,"American English","typical","experimental",NA,12,NA,423,NA,0.56,0.5,0.12,NA,NA,NA,0.5,0.17,NA,"American English",NA,NA,NA,NA,NA,NA,NA,NA,NA,"","",4,NA,"pairs of animals","","objects","superordinate level contrast","other",87,NA,NA,NA,0.5,0.09375,0.465116279069768,0.242535625036333,"Label advantage in concept learning",423,12
"booth2003","Booth, A. E., & Waxman, S. R. (2003). Mapping words to the world in infancy: Infants' expectations for count nouns and adjectives. Journal of Cognition and Development, 4(3), 357-381.","Booth & Waxman (2003)","yes","Bria Long",1,"noun-category","behavior","familiarization","forced-choice","target_selection","within_one",NA,"American English","typical","experimental",NA,12,NA,423,NA,0.6,0.5,0.242487113,NA,NA,NA,0.41,0.17,NA,"American English",NA,NA,NA,NA,NA,NA,NA,NA,NA,"","",4,NA,"pairs of a given animal","coded from plots","objects","basic-level contrast","",88,NA,NA,NA,0.412393049522595,0.0904195011372727,0.383621441416367,0.201948097978151,"Label advantage in concept learning",423,12
"booth2003","Booth, A. E., & Waxman, S. R. (2003). Mapping words to the world in infancy: Infants' expectations for count nouns and adjectives. Journal of Cognition and Development, 4(3), 357-381.","Booth & Waxman (2003)","yes","Bria Long",2,"adjective-property","behavior","familiarization","forced-choice","target_selection","within_one",NA,"American English","typical","experimental",NA,12,NA,423,NA,0.54,0.5,0.277128129,NA,NA,NA,0.14,0.17,NA,"American English",NA,NA,NA,NA,NA,NA,NA,NA,NA,"","",4,NA,"pairs of a given animal","coded from plots","objects","basic-level contrast","",89,NA,NA,NA,0.144337567407313,0.0842013888902109,0.134267504564942,0.0719815751293962,"Label advantage in concept learning",423,12
"booth2003","Booth, A. E., & Waxman, S. R. (2003). Mapping words to the world in infancy: Infants' expectations for count nouns and adjectives. Journal of Cognition and Development, 4(3), 357-381.","Booth & Waxman (2003)","yes","Bria Long",3,"no word-category","behavior","familiarization","forced-choice","target_selection","within_one",NA,"American English","typical","experimental",NA,12,NA,423,NA,0.49,0.5,0.207846097,NA,NA,NA,-0.05,0.17,NA,"American English",NA,NA,NA,NA,NA,NA,NA,NA,NA,"","",4,NA,"pairs of a given animal","coded from plots","objects","basic-level contrast","",90,NA,NA,NA,-0.048112522411234,0.0834297839505321,-0.0447558348011479,-0.0240493035015859,"Label advantage in concept learning",423,12
"booth2002","Booth, A. E., & Waxman, S. (2002). Object names and object functions serve as cues to categories for infants. Developmental psychology, 38(6), 948.","Booth & Waxman (2002)","yes","Bria Long",1,"no word-category","behavior","familiarization","forced-choice","target_selection","within_one",NA,"American English","typical","experimental",NA,12,NA,437.7,NA,0.51,0.5,0.138564065,NA,NA,NA,0.07,0.17,NA,"American English",NA,NA,NA,NA,NA,NA,NA,NA,NA,"","",4,NA,"pairs of novel objects","coded from plots","objects","basic-level contrast","other",91,NA,NA,NA,0.0721687834432398,0.0835503472209865,0.0671337520402231,0.0360609221961996,"Label advantage in concept learning",437.7,12
"booth2002","Booth, A. E., & Waxman, S. (2002). Object names and object functions serve as cues to categories for infants. Developmental psychology, 38(6), 948.","Booth & Waxman (2002)","yes","Bria Long",1,"noun-category","behavior","familiarization","forced-choice","target_selection","within_one",NA,"American English","typical","experimental",NA,12,NA,437.7,NA,0.44,0.5,0.096994845,NA,NA,NA,-0.62,0.17,NA,"American English",NA,NA,NA,NA,NA,NA,NA,NA,NA,"","",4,NA,"pairs of novel objects","coded from plots","objects","basic-level contrast","noun",92,NA,NA,NA,-0.618589575559402,0.0992772109579484,-0.575432163311072,-0.29548405525564,"Label advantage in concept learning",437.7,12
"booth2002","Booth, A. E., & Waxman, S. (2002). Object names and object functions serve as cues to categories for infants. Developmental psychology, 38(6), 948.","Booth & Waxman (2002)","yes","Bria Long",1,"function-category","behavior","familiarization","forced-choice","target_selection","within_one",NA,"American English","typical","experimental",NA,12,NA,437.7,NA,0.71,0.5,0.138564065,NA,NA,NA,1.52,0.21,NA,"American English",NA,NA,NA,NA,NA,NA,NA,NA,NA,"","",4,NA,"pairs of novel objects","coded from plots","objects","basic-level contrast","other",93,NA,NA,NA,1.51554445230804,0.179036457788403,1.40980879284468,0.603957172877943,"Label advantage in concept learning",437.7,12
"booth2002","Booth, A. E., & Waxman, S. (2002). Object names and object functions serve as cues to categories for infants. Developmental psychology, 38(6), 948.","Booth & Waxman (2002)","yes","Bria Long",2,"no word-category","behavior","familiarization","forced-choice","target_selection","within_one",NA,"American English","typical","experimental",NA,12,NA,546,NA,0.41,0.5,0.180133284,NA,NA,NA,-0.5,0.17,NA,"American English",NA,NA,NA,NA,NA,NA,NA,NA,NA,"","",4,NA,"pairs of novel objects","coded from plots","objects","basic-level contrast","other",94,NA,NA,NA,-0.499630040609264,0.0937345907283006,-0.464772130799315,-0.242366713621482,"Label advantage in concept learning",546,12
"booth2002","Booth, A. E., & Waxman, S. (2002). Object names and object functions serve as cues to categories for infants. Developmental psychology, 38(6), 948.","Booth & Waxman (2002)","yes","Bria Long",2,"noun-category","behavior","familiarization","forced-choice","target_selection","within_one",NA,"American English","typical","experimental",NA,12,NA,546,NA,0.59,0.5,0.138564065,NA,NA,NA,0.65,0.18,NA,"American English",NA,NA,NA,NA,NA,NA,NA,NA,NA,"","",4,NA,"pairs of novel objects","coded from plots","objects","basic-level contrast","noun",95,NA,NA,NA,0.649519050989158,0.100911458233244,0.604203768362007,0.308879199579085,"Label advantage in concept learning",546,12
"booth2002","Booth, A. E., & Waxman, S. (2002). Object names and object functions serve as cues to categories for infants. Developmental psychology, 38(6), 948.","Booth & Waxman (2002)","yes","Bria Long",2,"function-category","behavior","familiarization","forced-choice","target_selection","within_one",NA,"American English","typical","experimental",NA,12,NA,546,NA,0.69,0.5,0.124707658,NA,NA,NA,1.52,0.22,NA,"American English",NA,NA,NA,NA,NA,NA,NA,NA,NA,"","",4,NA,"pairs of novel objects","coded from plots","objects","basic-level contrast","other",96,NA,NA,NA,1.52356321213249,0.180051869223478,1.41726810430929,0.605981228008799,"Label advantage in concept learning",546,12
"booth2002","Booth, A. E., & Waxman, S. (2002). Object names and object functions serve as cues to categories for infants. Developmental psychology, 38(6), 948.","Booth & Waxman (2002)","yes","Bria Long",3,"noun-category","behavior","familiarization","forced-choice","target_selection","within_one",NA,"American English","typical","experimental",NA,12,NA,449.7,NA,0.49,0.5,0.14895637,NA,NA,NA,-0.07,0.17,NA,"American English",NA,NA,NA,NA,NA,NA,NA,NA,NA,"","",4,NA,"pairs of novel objects","coded from plots","objects","basic-level contrast","other",97,NA,NA,NA,-0.0671337519838864,0.0835211225273097,-0.0624500018454757,-0.0335479814675281,"Label advantage in concept learning",449.7,12
"booth2002","Booth, A. E., & Waxman, S. (2002). Object names and object functions serve as cues to categories for infants. Developmental psychology, 38(6), 948.","Booth & Waxman (2002)","yes","Bria Long",3,"noun and function-category","behavior","familiarization","forced-choice","target_selection","within_one",NA,"American English","typical","experimental",NA,12,NA,449.7,NA,0.6,0.5,0.096994845,NA,NA,NA,1.03,0.19,NA,"American English",NA,NA,NA,NA,NA,NA,NA,NA,NA,"","",4,NA,"pairs of novel objects","coded from plots","objects","basic-level contrast","other",98,NA,NA,NA,1.03098262593234,0.127621882290597,0.959053605518453,0.45819526001262,"Label advantage in concept learning",449.7,12
"ferguson2016","Ferguson, B., & Waxman, S. R. (2016). What the [beep]? Six-month-olds link novel communicative signals to meaning. Cognition, 146, 185-189.","Ferguson & Waxman (2016)","yes","Bria Long",1,"communicative sounds","eye-tracking","familiarization","forced-choice","looking_time","within_one",NA,"American English","typical","experimental",NA,12,NA,177.3,NA,0.61,0.5,0.15,NA,NA,NA,0.73,0.18,NA,"American English",NA,NA,NA,NA,NA,NA,NA,NA,NA,"","",8,20,"dinos & fish","","drawings","basic-level contrast","other",99,NA,NA,NA,0.733333333333333,0.105740740740741,0.682170542635659,0.344254649158423,"Label advantage in concept learning",177.3,12
"ferguson2016","Ferguson, B., & Waxman, S. R. (2016). What the [beep]? Six-month-olds link novel communicative signals to meaning. Cognition, 146, 185-189.","Ferguson & Waxman (2016)","yes","Bria Long",1,"non-communicative sounds","eye-tracking","familiarization","forced-choice","looking_time","within_one",NA,"American English","typical","experimental",NA,12,NA,177.3,NA,0.48,0.5,0.15,NA,NA,NA,-0.13,0.17,NA,"American English",NA,NA,NA,NA,NA,NA,NA,NA,NA,"","",8,20,"dinos & fish","","drawings","basic-level contrast","sounds",100,NA,NA,NA,-0.133333333333333,0.0840740740740741,-0.124031007751938,-0.066519010523774,"Label advantage in concept learning",177.3,12
